0,0,0,0,0,0,0,0,0,0
0.02004,0.02004,0.02004,0.02004,0.02004,0.02004,0.02004,0.02004,0.02004,0.02004
0.04008,0.04008,0.04008,0.04008,0.04008,0.04008,0.04008,0.04008,0.04008,0.04008
0.06012,0.06012,0.06012,0.06012,0.06012,0.06012,0.06012,0.06012,0.06012,0.06012
0.08016,0.08016,0.08016,0.08016,0.08016,0.08016,0.08016,0.08016,0.08016,0.08016
0.1002,0.1002,0.1002,0.1002,0.1002,0.1002,0.1002,0.1002,0.1002,0.1002
0.12024,0.12024,0.12024,0.12024,0.12024,0.12024,0.12024,0.12024,0.12024,0.12024
0.14028,0.14028,0.14028,0.14028,0.14028,0.14028,0.14028,0.14028,0.14028,0.14028
0.16032,0.16032,0.16032,0.16032,0.16032,0.16032,0.16032,0.16032,0.16032,0.16032
0.18036,0.18036,0.18036,0.18036,0.18036,0.18036,0.18036,0.18036,0.18036,0.18036
0.2004,0.2004,0.2004,0.2004,0.2004,0.2004,0.2004,0.2004,0.2004,0.2004
0.22044,0.22044,0.22044,0.22044,0.22044,0.22044,0.22044,0.22044,0.22044,0.22044
0.24048,0.24048,0.24048,0.24048,0.24048,0.24048,0.24048,0.24048,0.24048,0.24048
0.26052,0.26052,0.26052,0.26052,0.26052,0.26052,0.26052,0.26052,0.26052,0.26052
0.28056,0.28056,0.28056,0.28056,0.28056,0.28056,0.28056,0.28056,0.28056,0.28056
0.3006,0.3006,0.3006,0.3006,0.3006,0.3006,0.3006,0.3006,0.3006,0.3006
0.32064,0.32064,0.32064,0.32064,0.32064,0.32064,0.32064,0.32064,0.32064,0.32064
0.34068,0.34068,0.34068,0.34068,0.34068,0.34068,0.34068,0.34068,0.34068,0.34068
0.36072,0.36072,0.36072,0.36072,0.36072,0.36072,0.36072,0.36072,0.36072,0.36072
0.38076,0.38076,0.38076,0.38076,0.38076,0.38076,0.38076,0.38076,0.38076,0.38076
0.4008,0.4008,0.4008,0.4008,0.4008,0.4008,0.4008,0.4008,0.4008,0.4008
0.42084,0.42084,0.42084,0.42084,0.42084,0.42084,0.42084,0.42084,0.42084,0.42084
0.44088,0.44088,0.44088,0.44088,0.44088,0.44088,0.44088,0.44088,0.44088,0.44088
0.46092,0.46092,0.46092,0.46092,0.46092,0.46092,0.46092,0.46092,0.46092,0.46092
0.48096,0.48096,0.48096,0.48096,0.48096,0.48096,0.48096,0.48096,0.48096,0.48096
0.501,0.501,0.501,0.501,0.501,0.501,0.501,0.501,0.501,0.501
0.52104,0.52104,0.52104,0.52104,0.52104,0.52104,0.52104,0.52104,0.52104,0.52104
0.54108,0.54108,0.54108,0.54108,0.54108,0.54108,0.54108,0.54108,0.54108,0.54108
0.56112,0.56112,0.56112,0.56112,0.56112,0.56112,0.56112,0.56112,0.56112,0.56112
0.58116,0.58116,0.58116,0.58116,0.58116,0.58116,0.58116,0.58116,0.58116,0.58116
0.6012,0.6012,0.6012,0.6012,0.6012,0.6012,0.6012,0.6012,0.6012,0.6012
0.62124,0.62124,0.62124,0.62124,0.62124,0.62124,0.62124,0.62124,0.62124,0.62124
0.64128,0.64128,0.64128,0.64128,0.64128,0.64128,0.64128,0.64128,0.64128,0.64128
0.66132,0.66132,0.66132,0.66132,0.66132,0.66132,0.66132,0.66132,0.66132,0.66132
0.68136,0.68136,0.68136,0.68136,0.68136,0.68136,0.68136,0.68136,0.68136,0.68136
0.7014,0.7014,0.7014,0.7014,0.7014,0.7014,0.7014,0.7014,0.7014,0.7014
0.72144,0.72144,0.72144,0.72144,0.72144,0.72144,0.72144,0.72144,0.72144,0.72144
0.74148,0.74148,0.74148,0.74148,0.74148,0.74148,0.74148,0.74148,0.74148,0.74148
0.76152,0.76152,0.76152,0.76152,0.76152,0.76152,0.76152,0.76152,0.76152,0.76152
0.78156,0.78156,0.78156,0.78156,0.78156,0.78156,0.78156,0.78156,0.78156,0.78156
0.8016,0.8016,0.8016,0.8016,0.8016,0.8016,0.8016,0.8016,0.8016,0.8016
0.82164,0.82164,0.82164,0.82164,0.82164,0.82164,0.82164,0.82164,0.82164,0.82164
0.84168,0.84168,0.84168,0.84168,0.84168,0.84168,0.84168,0.84168,0.84168,0.84168
0.86172,0.86172,0.86172,0.86172,0.86172,0.86172,0.86172,0.86172,0.86172,0.86172
0.88176,0.88176,0.88176,0.88176,0.88176,0.88176,0.88176,0.88176,0.88176,0.88176
0.9018,0.9018,0.9018,0.9018,0.9018,0.9018,0.9018,0.9018,0.9018,0.9018
0.92184,0.92184,0.92184,0.92184,0.92184,0.92184,0.92184,0.92184,0.92184,0.92184
0.94188,0.94188,0.94188,0.94188,0.94188,0.94188,0.94188,0.94188,0.94188,0.94188
0.96192,0.96192,0.96192,0.96192,0.96192,0.96192,0.96192,0.96192,0.96192,0.96192
0.98196,0.98196,0.98196,0.98196,0.98196,0.98196,0.98196,0.98196,0.98196,0.98196
1.002,1.002,1.002,1.002,1.002,1.002,1.002,1.002,1.002,1.002
1.022,1.022,1.022,1.022,1.022,1.022,1.022,1.022,1.022,1.022
1.0421,1.0421,1.0421,1.0421,1.0421,1.0421,1.0421,1.0421,1.0421,1.0421
1.0621,1.0621,1.0621,1.0621,1.0621,1.0621,1.0621,1.0621,1.0621,1.0621
1.0822,1.0822,1.0822,1.0822,1.0822,1.0822,1.0822,1.0822,1.0822,1.0822
1.1022,1.1022,1.1022,1.1022,1.1022,1.1022,1.1022,1.1022,1.1022,1.1022
1.1222,1.1222,1.1222,1.1222,1.1222,1.1222,1.1222,1.1222,1.1222,1.1222
1.1423,1.1423,1.1423,1.1423,1.1423,1.1423,1.1423,1.1423,1.1423,1.1423
1.1623,1.1623,1.1623,1.1623,1.1623,1.1623,1.1623,1.1623,1.1623,1.1623
1.1824,1.1824,1.1824,1.1824,1.1824,1.1824,1.1824,1.1824,1.1824,1.1824
1.2024,1.2024,1.2024,1.2024,1.2024,1.2024,1.2024,1.2024,1.2024,1.2024
1.2224,1.2224,1.2224,1.2224,1.2224,1.2224,1.2224,1.2224,1.2224,1.2224
1.2425,1.2425,1.2425,1.2425,1.2425,1.2425,1.2425,1.2425,1.2425,1.2425
1.2625,1.2625,1.2625,1.2625,1.2625,1.2625,1.2625,1.2625,1.2625,1.2625
1.2826,1.2826,1.2826,1.2826,1.2826,1.2826,1.2826,1.2826,1.2826,1.2826
1.3026,1.3026,1.3026,1.3026,1.3026,1.3026,1.3026,1.3026,1.3026,1.3026
1.3226,1.3226,1.3226,1.3226,1.3226,1.3226,1.3226,1.3226,1.3226,1.3226
1.3427,1.3427,1.3427,1.3427,1.3427,1.3427,1.3427,1.3427,1.3427,1.3427
1.3627,1.3627,1.3627,1.3627,1.3627,1.3627,1.3627,1.3627,1.3627,1.3627
1.3828,1.3828,1.3828,1.3828,1.3828,1.3828,1.3828,1.3828,1.3828,1.3828
1.4028,1.4028,1.4028,1.4028,1.4028,1.4028,1.4028,1.4028,1.4028,1.4028
1.4228,1.4228,1.4228,1.4228,1.4228,1.4228,1.4228,1.4228,1.4228,1.4228
1.4429,1.4429,1.4429,1.4429,1.4429,1.4429,1.4429,1.4429,1.4429,1.4429
1.4629,1.4629,1.4629,1.4629,1.4629,1.4629,1.4629,1.4629,1.4629,1.4629
1.483,1.483,1.483,1.483,1.483,1.483,1.483,1.483,1.483,1.483
1.503,1.503,1.503,1.503,1.503,1.503,1.503,1.503,1.503,1.503
1.523,1.523,1.523,1.523,1.523,1.523,1.523,1.523,1.523,1.523
1.5431,1.5431,1.5431,1.5431,1.5431,1.5431,1.5431,1.5431,1.5431,1.5431
1.5631,1.5631,1.5631,1.5631,1.5631,1.5631,1.5631,1.5631,1.5631,1.5631
1.5832,1.5832,1.5832,1.5832,1.5832,1.5832,1.5832,1.5832,1.5832,1.5832
1.6032,1.6032,1.6032,1.6032,1.6032,1.6032,1.6032,1.6032,1.6032,1.6032
1.6232,1.6232,1.6232,1.6232,1.6232,1.6232,1.6232,1.6232,1.6232,1.6232
1.6433,1.6433,1.6433,1.6433,1.6433,1.6433,1.6433,1.6433,1.6433,1.6433
1.6633,1.6633,1.6633,1.6633,1.6633,1.6633,1.6633,1.6633,1.6633,1.6633
1.6834,1.6834,1.6834,1.6834,1.6834,1.6834,1.6834,1.6834,1.6834,1.6834
1.7034,1.7034,1.7034,1.7034,1.7034,1.7034,1.7034,1.7034,1.7034,1.7034
1.7234,1.7234,1.7234,1.7234,1.7234,1.7234,1.7234,1.7234,1.7234,1.7234
1.7435,1.7435,1.7435,1.7435,1.7435,1.7435,1.7435,1.7435,1.7435,1.7435
1.7635,1.7635,1.7635,1.7635,1.7635,1.7635,1.7635,1.7635,1.7635,1.7635
1.7836,1.7836,1.7836,1.7836,1.7836,1.7836,1.7836,1.7836,1.7836,1.7836
1.8036,1.8036,1.8036,1.8036,1.8036,1.8036,1.8036,1.8036,1.8036,1.8036
1.8236,1.8236,1.8236,1.8236,1.8236,1.8236,1.8236,1.8236,1.8236,1.8236
1.8437,1.8437,1.8437,1.8437,1.8437,1.8437,1.8437,1.8437,1.8437,1.8437
1.8637,1.8637,1.8637,1.8637,1.8637,1.8637,1.8637,1.8637,1.8637,1.8637
1.8838,1.8838,1.8838,1.8838,1.8838,1.8838,1.8838,1.8838,1.8838,1.8838
1.9038,1.9038,1.9038,1.9038,1.9038,1.9038,1.9038,1.9038,1.9038,1.9038
1.9238,1.9238,1.9238,1.9238,1.9238,1.9238,1.9238,1.9238,1.9238,1.9238
1.9439,1.9439,1.9439,1.9439,1.9439,1.9439,1.9439,1.9439,1.9439,1.9439
1.9639,1.9639,1.9639,1.9639,1.9639,1.9639,1.9639,1.9639,1.9639,1.9639
1.984,1.984,1.984,1.984,1.984,1.984,1.984,1.984,1.984,1.984
2.004,2.004,2.004,2.004,2.004,2.004,2.004,2.004,2.004,2.004
2.024,2.024,2.024,2.024,2.024,2.024,2.024,2.024,2.024,2.024
2.0441,2.0441,2.0441,2.0441,2.0441,2.0441,2.0441,2.0441,2.0441,2.0441
2.0641,2.0641,2.0641,2.0641,2.0641,2.0641,2.0641,2.0641,2.0641,2.0641
2.0842,2.0842,2.0842,2.0842,2.0842,2.0842,2.0842,2.0842,2.0842,2.0842
2.1042,2.1042,2.1042,2.1042,2.1042,2.1042,2.1042,2.1042,2.1042,2.1042
2.1242,2.1242,2.1242,2.1242,2.1242,2.1242,2.1242,2.1242,2.1242,2.1242
2.1443,2.1443,2.1443,2.1443,2.1443,2.1443,2.1443,2.1443,2.1443,2.1443
2.1643,2.1643,2.1643,2.1643,2.1643,2.1643,2.1643,2.1643,2.1643,2.1643
2.1844,2.1844,2.1844,2.1844,2.1844,2.1844,2.1844,2.1844,2.1844,2.1844
2.2044,2.2044,2.2044,2.2044,2.2044,2.2044,2.2044,2.2044,2.2044,2.2044
2.2244,2.2244,2.2244,2.2244,2.2244,2.2244,2.2244,2.2244,2.2244,2.2244
2.2445,2.2445,2.2445,2.2445,2.2445,2.2445,2.2445,2.2445,2.2445,2.2445
2.2645,2.2645,2.2645,2.2645,2.2645,2.2645,2.2645,2.2645,2.2645,2.2645
2.2846,2.2846,2.2846,2.2846,2.2846,2.2846,2.2846,2.2846,2.2846,2.2846
2.3046,2.3046,2.3046,2.3046,2.3046,2.3046,2.3046,2.3046,2.3046,2.3046
2.3246,2.3246,2.3246,2.3246,2.3246,2.3246,2.3246,2.3246,2.3246,2.3246
2.3447,2.3447,2.3447,2.3447,2.3447,2.3447,2.3447,2.3447,2.3447,2.3447
2.3647,2.3647,2.3647,2.3647,2.3647,2.3647,2.3647,2.3647,2.3647,2.3647
2.3848,2.3848,2.3848,2.3848,2.3848,2.3848,2.3848,2.3848,2.3848,2.3848
2.4048,2.4048,2.4048,2.4048,2.4048,2.4048,2.4048,2.4048,2.4048,2.4048
2.4248,2.4248,2.4248,2.4248,2.4248,2.4248,2.4248,2.4248,2.4248,2.4248
2.4449,2.4449,2.4449,2.4449,2.4449,2.4449,2.4449,2.4449,2.4449,2.4449
2.4649,2.4649,2.4649,2.4649,2.4649,2.4649,2.4649,2.4649,2.4649,2.4649
2.485,2.485,2.485,2.485,2.485,2.485,2.485,2.485,2.485,2.485
2.505,2.505,2.505,2.505,2.505,2.505,2.505,2.505,2.505,2.505
2.5251,2.5251,2.5251,2.5251,2.5251,2.5251,2.5251,2.5251,2.5251,2.5251
2.5451,2.5451,2.5451,2.5451,2.5451,2.5451,2.5451,2.5451,2.5451,2.5451
2.5651,2.5651,2.5651,2.5651,2.5651,2.5651,2.5651,2.5651,2.5651,2.5651
2.5852,2.5852,2.5852,2.5852,2.5852,2.5852,2.5852,2.5852,2.5852,2.5852
2.6052,2.6052,2.6052,2.6052,2.6052,2.6052,2.6052,2.6052,2.6052,2.6052
2.6253,2.6253,2.6253,2.6253,2.6253,2.6253,2.6253,2.6253,2.6253,2.6253
2.6453,2.6453,2.6453,2.6453,2.6453,2.6453,2.6453,2.6453,2.6453,2.6453
2.6653,2.6653,2.6653,2.6653,2.6653,2.6653,2.6653,2.6653,2.6653,2.6653
2.6854,2.6854,2.6854,2.6854,2.6854,2.6854,2.6854,2.6854,2.6854,2.6854
2.7054,2.7054,2.7054,2.7054,2.7054,2.7054,2.7054,2.7054,2.7054,2.7054
2.7255,2.7255,2.7255,2.7255,2.7255,2.7255,2.7255,2.7255,2.7255,2.7255
2.7455,2.7455,2.7455,2.7455,2.7455,2.7455,2.7455,2.7455,2.7455,2.7455
2.7655,2.7655,2.7655,2.7655,2.7655,2.7655,2.7655,2.7655,2.7655,2.7655
2.7856,2.7856,2.7856,2.7856,2.7856,2.7856,2.7856,2.7856,2.7856,2.7856
2.8056,2.8056,2.8056,2.8056,2.8056,2.8056,2.8056,2.8056,2.8056,2.8056
2.8257,2.8257,2.8257,2.8257,2.8257,2.8257,2.8257,2.8257,2.8257,2.8257
2.8457,2.8457,2.8457,2.8457,2.8457,2.8457,2.8457,2.8457,2.8457,2.8457
2.8657,2.8657,2.8657,2.8657,2.8657,2.8657,2.8657,2.8657,2.8657,2.8657
2.8858,2.8858,2.8858,2.8858,2.8858,2.8858,2.8858,2.8858,2.8858,2.8858
2.9058,2.9058,2.9058,2.9058,2.9058,2.9058,2.9058,2.9058,2.9058,2.9058
2.9259,2.9259,2.9259,2.9259,2.9259,2.9259,2.9259,2.9259,2.9259,2.9259
2.9459,2.9459,2.9459,2.9459,2.9459,2.9459,2.9459,2.9459,2.9459,2.9459
2.9659,2.9659,2.9659,2.9659,2.9659,2.9659,2.9659,2.9659,2.9659,2.9659
2.986,2.986,2.986,2.986,2.986,2.986,2.986,2.986,2.986,2.986
3.006,3.006,3.006,3.006,3.006,3.006,3.006,3.006,3.006,3.006
3.0261,3.0261,3.0261,3.0261,3.0261,3.0261,3.0261,3.0261,3.0261,3.0261
3.0461,3.0461,3.0461,3.0461,3.0461,3.0461,3.0461,3.0461,3.0461,3.0461
3.0661,3.0661,3.0661,3.0661,3.0661,3.0661,3.0661,3.0661,3.0661,3.0661
3.0862,3.0862,3.0862,3.0862,3.0862,3.0862,3.0862,3.0862,3.0862,3.0862
3.1062,3.1062,3.1062,3.1062,3.1062,3.1062,3.1062,3.1062,3.1062,3.1062
3.1263,3.1263,3.1263,3.1263,3.1263,3.1263,3.1263,3.1263,3.1263,3.1263
3.1463,3.1463,3.1463,3.1463,3.1463,3.1463,3.1463,3.1463,3.1463,3.1463
3.1663,3.1663,3.1663,3.1663,3.1663,3.1663,3.1663,3.1663,3.1663,3.1663
3.1864,3.1864,3.1864,3.1864,3.1864,3.1864,3.1864,3.1864,3.1864,3.1864
3.2064,3.2064,3.2064,3.2064,3.2064,3.2064,3.2064,3.2064,3.2064,3.2064
3.2265,3.2265,3.2265,3.2265,3.2265,3.2265,3.2265,3.2265,3.2265,3.2265
3.2465,3.2465,3.2465,3.2465,3.2465,3.2465,3.2465,3.2465,3.2465,3.2465
3.2665,3.2665,3.2665,3.2665,3.2665,3.2665,3.2665,3.2665,3.2665,3.2665
3.2866,3.2866,3.2866,3.2866,3.2866,3.2866,3.2866,3.2866,3.2866,3.2866
3.3066,3.3066,3.3066,3.3066,3.3066,3.3066,3.3066,3.3066,3.3066,3.3066
3.3267,3.3267,3.3267,3.3267,3.3267,3.3267,3.3267,3.3267,3.3267,3.3267
3.3467,3.3467,3.3467,3.3467,3.3467,3.3467,3.3467,3.3467,3.3467,3.3467
3.3667,3.3667,3.3667,3.3667,3.3667,3.3667,3.3667,3.3667,3.3667,3.3667
3.3868,3.3868,3.3868,3.3868,3.3868,3.3868,3.3868,3.3868,3.3868,3.3868
3.4068,3.4068,3.4068,3.4068,3.4068,3.4068,3.4068,3.4068,3.4068,3.4068
3.4269,3.4269,3.4269,3.4269,3.4269,3.4269,3.4269,3.4269,3.4269,3.4269
3.4469,3.4469,3.4469,3.4469,3.4469,3.4469,3.4469,3.4469,3.4469,3.4469
3.4669,3.4669,3.4669,3.4669,3.4669,3.4669,3.4669,3.4669,3.4669,3.4669
3.487,3.487,3.487,3.487,3.487,3.487,3.487,3.487,3.487,3.487
3.507,3.507,3.507,3.507,3.507,3.507,3.507,3.507,3.507,3.507
3.5271,3.5271,3.5271,3.5271,3.5271,3.5271,3.5271,3.5271,3.5271,3.5271
3.5471,3.5471,3.5471,3.5471,3.5471,3.5471,3.5471,3.5471,3.5471,3.5471
3.5671,3.5671,3.5671,3.5671,3.5671,3.5671,3.5671,3.5671,3.5671,3.5671
3.5872,3.5872,3.5872,3.5872,3.5872,3.5872,3.5872,3.5872,3.5872,3.5872
3.6072,3.6072,3.6072,3.6072,3.6072,3.6072,3.6072,3.6072,3.6072,3.6072
3.6273,3.6273,3.6273,3.6273,3.6273,3.6273,3.6273,3.6273,3.6273,3.6273
3.6473,3.6473,3.6473,3.6473,3.6473,3.6473,3.6473,3.6473,3.6473,3.6473
3.6673,3.6673,3.6673,3.6673,3.6673,3.6673,3.6673,3.6673,3.6673,3.6673
3.6874,3.6874,3.6874,3.6874,3.6874,3.6874,3.6874,3.6874,3.6874,3.6874
3.7074,3.7074,3.7074,3.7074,3.7074,3.7074,3.7074,3.7074,3.7074,3.7074
3.7275,3.7275,3.7275,3.7275,3.7275,3.7275,3.7275,3.7275,3.7275,3.7275
3.7475,3.7475,3.7475,3.7475,3.7475,3.7475,3.7475,3.7475,3.7475,3.7475
3.7675,3.7675,3.7675,3.7675,3.7675,3.7675,3.7675,3.7675,3.7675,3.7675
3.7876,3.7876,3.7876,3.7876,3.7876,3.7876,3.7876,3.7876,3.7876,3.7876
3.8076,3.8076,3.8076,3.8076,3.8076,3.8076,3.8076,3.8076,3.8076,3.8076
3.8277,3.8277,3.8277,3.8277,3.8277,3.8277,3.8277,3.8277,3.8277,3.8277
3.8477,3.8477,3.8477,3.8477,3.8477,3.8477,3.8477,3.8477,3.8477,3.8477
3.8677,3.8677,3.8677,3.8677,3.8677,3.8677,3.8677,3.8677,3.8677,3.8677
3.8878,3.8878,3.8878,3.8878,3.8878,3.8878,3.8878,3.8878,3.8878,3.8878
3.9078,3.9078,3.9078,3.9078,3.9078,3.9078,3.9078,3.9078,3.9078,3.9078
3.9279,3.9279,3.9279,3.9279,3.9279,3.9279,3.9279,3.9279,3.9279,3.9279
3.9479,3.9479,3.9479,3.9479,3.9479,3.9479,3.9479,3.9479,3.9479,3.9479
3.9679,3.9679,3.9679,3.9679,3.9679,3.9679,3.9679,3.9679,3.9679,3.9679
3.988,3.988,3.988,3.988,3.988,3.988,3.988,3.988,3.988,3.988
4.008,4.008,4.008,4.008,4.008,4.008,4.008,4.008,4.008,4.008
4.0281,4.0281,4.0281,4.0281,4.0281,4.0281,4.0281,4.0281,4.0281,4.0281
4.0481,4.0481,4.0481,4.0481,4.0481,4.0481,4.0481,4.0481,4.0481,4.0481
4.0681,4.0681,4.0681,4.0681,4.0681,4.0681,4.0681,4.0681,4.0681,4.0681
4.0882,4.0882,4.0882,4.0882,4.0882,4.0882,4.0882,4.0882,4.0882,4.0882
4.1082,4.1082,4.1082,4.1082,4.1082,4.1082,4.1082,4.1082,4.1082,4.1082
4.1283,4.1283,4.1283,4.1283,4.1283,4.1283,4.1283,4.1283,4.1283,4.1283
4.1483,4.1483,4.1483,4.1483,4.1483,4.1483,4.1483,4.1483,4.1483,4.1483
4.1683,4.1683,4.1683,4.1683,4.1683,4.1683,4.1683,4.1683,4.1683,4.1683
4.1884,4.1884,4.1884,4.1884,4.1884,4.1884,4.1884,4.1884,4.1884,4.1884
4.2084,4.2084,4.2084,4.2084,4.2084,4.2084,4.2084,4.2084,4.2084,4.2084
4.2285,4.2285,4.2285,4.2285,4.2285,4.2285,4.2285,4.2285,4.2285,4.2285
4.2485,4.2485,4.2485,4.2485,4.2485,4.2485,4.2485,4.2485,4.2485,4.2485
4.2685,4.2685,4.2685,4.2685,4.2685,4.2685,4.2685,4.2685,4.2685,4.2685
4.2886,4.2886,4.2886,4.2886,4.2886,4.2886,4.2886,4.2886,4.2886,4.2886
4.3086,4.3086,4.3086,4.3086,4.3086,4.3086,4.3086,4.3086,4.3086,4.3086
4.3287,4.3287,4.3287,4.3287,4.3287,4.3287,4.3287,4.3287,4.3287,4.3287
4.3487,4.3487,4.3487,4.3487,4.3487,4.3487,4.3487,4.3487,4.3487,4.3487
4.3687,4.3687,4.3687,4.3687,4.3687,4.3687,4.3687,4.3687,4.3687,4.3687
4.3888,4.3888,4.3888,4.3888,4.3888,4.3888,4.3888,4.3888,4.3888,4.3888
4.4088,4.4088,4.4088,4.4088,4.4088,4.4088,4.4088,4.4088,4.4088,4.4088
4.4289,4.4289,4.4289,4.4289,4.4289,4.4289,4.4289,4.4289,4.4289,4.4289
4.4489,4.4489,4.4489,4.4489,4.4489,4.4489,4.4489,4.4489,4.4489,4.4489
4.4689,4.4689,4.4689,4.4689,4.4689,4.4689,4.4689,4.4689,4.4689,4.4689
4.489,4.489,4.489,4.489,4.489,4.489,4.489,4.489,4.489,4.489
4.509,4.509,4.509,4.509,4.509,4.509,4.509,4.509,4.509,4.509
4.5291,4.5291,4.5291,4.5291,4.5291,4.5291,4.5291,4.5291,4.5291,4.5291
4.5491,4.5491,4.5491,4.5491,4.5491,4.5491,4.5491,4.5491,4.5491,4.5491
4.5691,4.5691,4.5691,4.5691,4.5691,4.5691,4.5691,4.5691,4.5691,4.5691
4.5892,4.5892,4.5892,4.5892,4.5892,4.5892,4.5892,4.5892,4.5892,4.5892
4.6092,4.6092,4.6092,4.6092,4.6092,4.6092,4.6092,4.6092,4.6092,4.6092
4.6293,4.6293,4.6293,4.6293,4.6293,4.6293,4.6293,4.6293,4.6293,4.6293
4.6493,4.6493,4.6493,4.6493,4.6493,4.6493,4.6493,4.6493,4.6493,4.6493
4.6693,4.6693,4.6693,4.6693,4.6693,4.6693,4.6693,4.6693,4.6693,4.6693
4.6894,4.6894,4.6894,4.6894,4.6894,4.6894,4.6894,4.6894,4.6894,4.6894
4.7094,4.7094,4.7094,4.7094,4.7094,4.7094,4.7094,4.7094,4.7094,4.7094
4.7295,4.7295,4.7295,4.7295,4.7295,4.7295,4.7295,4.7295,4.7295,4.7295
4.7495,4.7495,4.7495,4.7495,4.7495,4.7495,4.7495,4.7495,4.7495,4.7495
4.7695,4.7695,4.7695,4.7695,4.7695,4.7695,4.7695,4.7695,4.7695,4.7695
4.7896,4.7896,4.7896,4.7896,4.7896,4.7896,4.7896,4.7896,4.7896,4.7896
4.8096,4.8096,4.8096,4.8096,4.8096,4.8096,4.8096,4.8096,4.8096,4.8096
4.8297,4.8297,4.8297,4.8297,4.8297,4.8297,4.8297,4.8297,4.8297,4.8297
4.8497,4.8497,4.8497,4.8497,4.8497,4.8497,4.8497,4.8497,4.8497,4.8497
4.8697,4.8697,4.8697,4.8697,4.8697,4.8697,4.8697,4.8697,4.8697,4.8697
4.8898,4.8898,4.8898,4.8898,4.8898,4.8898,4.8898,4.8898,4.8898,4.8898
4.9098,4.9098,4.9098,4.9098,4.9098,4.9098,4.9098,4.9098,4.9098,4.9098
4.9299,4.9299,4.9299,4.9299,4.9299,4.9299,4.9299,4.9299,4.9299,4.9299
4.9499,4.9499,4.9499,4.9499,4.9499,4.9499,4.9499,4.9499,4.9499,4.9499
4.9699,4.9699,4.9699,4.9699,4.9699,4.9699,4.9699,4.9699,4.9699,4.9699
4.99,4.99,4.99,4.99,4.99,4.99,4.99,4.99,4.99,4.99
5.01,5.01,5.01,5.01,5.01,5.01,5.01,5.01,5.01,5.01
5.0301,5.0301,5.0301,5.0301,5.0301,5.0301,5.0301,5.0301,5.0301,5.0301
5.0501,5.0501,5.0501,5.0501,5.0501,5.0501,5.0501,5.0501,5.0501,5.0501
5.0701,5.0701,5.0701,5.0701,5.0701,5.0701,5.0701,5.0701,5.0701,5.0701
5.0902,5.0902,5.0902,5.0902,5.0902,5.0902,5.0902,5.0902,5.0902,5.0902
5.1102,5.1102,5.1102,5.1102,5.1102,5.1102,5.1102,5.1102,5.1102,5.1102
5.1303,5.1303,5.1303,5.1303,5.1303,5.1303,5.1303,5.1303,5.1303,5.1303
5.1503,5.1503,5.1503,5.1503,5.1503,5.1503,5.1503,5.1503,5.1503,5.1503
5.1703,5.1703,5.1703,5.1703,5.1703,5.1703,5.1703,5.1703,5.1703,5.1703
5.1904,5.1904,5.1904,5.1904,5.1904,5.1904,5.1904,5.1904,5.1904,5.1904
5.2104,5.2104,5.2104,5.2104,5.2104,5.2104,5.2104,5.2104,5.2104,5.2104
5.2305,5.2305,5.2305,5.2305,5.2305,5.2305,5.2305,5.2305,5.2305,5.2305
5.2505,5.2505,5.2505,5.2505,5.2505,5.2505,5.2505,5.2505,5.2505,5.2505
5.2705,5.2705,5.2705,5.2705,5.2705,5.2705,5.2705,5.2705,5.2705,5.2705
5.2906,5.2906,5.2906,5.2906,5.2906,5.2906,5.2906,5.2906,5.2906,5.2906
5.3106,5.3106,5.3106,5.3106,5.3106,5.3106,5.3106,5.3106,5.3106,5.3106
5.3307,5.3307,5.3307,5.3307,5.3307,5.3307,5.3307,5.3307,5.3307,5.3307
5.3507,5.3507,5.3507,5.3507,5.3507,5.3507,5.3507,5.3507,5.3507,5.3507
5.3707,5.3707,5.3707,5.3707,5.3707,5.3707,5.3707,5.3707,5.3707,5.3707
5.3908,5.3908,5.3908,5.3908,5.3908,5.3908,5.3908,5.3908,5.3908,5.3908
5.4108,5.4108,5.4108,5.4108,5.4108,5.4108,5.4108,5.4108,5.4108,5.4108
5.4309,5.4309,5.4309,5.4309,5.4309,5.4309,5.4309,5.4309,5.4309,5.4309
5.4509,5.4509,5.4509,5.4509,5.4509,5.4509,5.4509,5.4509,5.4509,5.4509
5.4709,5.4709,5.4709,5.4709,5.4709,5.4709,5.4709,5.4709,5.4709,5.4709
5.491,5.491,5.491,5.491,5.491,5.491,5.491,5.491,5.491,5.491
5.511,5.511,5.511,5.511,5.511,5.511,5.511,5.511,5.511,5.511
5.5311,5.5311,5.5311,5.5311,5.5311,5.5311,5.5311,5.5311,5.5311,5.5311
5.5511,5.5511,5.5511,5.5511,5.5511,5.5511,5.5511,5.5511,5.5511,5.5511
5.5711,5.5711,5.5711,5.5711,5.5711,5.5711,5.5711,5.5711,5.5711,5.5711
5.5912,5.5912,5.5912,5.5912,5.5912,5.5912,5.5912,5.5912,5.5912,5.5912
5.6112,5.6112,5.6112,5.6112,5.6112,5.6112,5.6112,5.6112,5.6112,5.6112
5.6313,5.6313,5.6313,5.6313,5.6313,5.6313,5.6313,5.6313,5.6313,5.6313
5.6513,5.6513,5.6513,5.6513,5.6513,5.6513,5.6513,5.6513,5.6513,5.6513
5.6713,5.6713,5.6713,5.6713,5.6713,5.6713,5.6713,5.6713,5.6713,5.6713
5.6914,5.6914,5.6914,5.6914,5.6914,5.6914,5.6914,5.6914,5.6914,5.6914
5.7114,5.7114,5.7114,5.7114,5.7114,5.7114,5.7114,5.7114,5.7114,5.7114
5.7315,5.7315,5.7315,5.7315,5.7315,5.7315,5.7315,5.7315,5.7315,5.7315
5.7515,5.7515,5.7515,5.7515,5.7515,5.7515,5.7515,5.7515,5.7515,5.7515
5.7715,5.7715,5.7715,5.7715,5.7715,5.7715,5.7715,5.7715,5.7715,5.7715
5.7916,5.7916,5.7916,5.7916,5.7916,5.7916,5.7916,5.7916,5.7916,5.7916
5.8116,5.8116,5.8116,5.8116,5.8116,5.8116,5.8116,5.8116,5.8116,5.8116
5.8317,5.8317,5.8317,5.8317,5.8317,5.8317,5.8317,5.8317,5.8317,5.8317
5.8517,5.8517,5.8517,5.8517,5.8517,5.8517,5.8517,5.8517,5.8517,5.8517
5.8717,5.8717,5.8717,5.8717,5.8717,5.8717,5.8717,5.8717,5.8717,5.8717
5.8918,5.8918,5.8918,5.8918,5.8918,5.8918,5.8918,5.8918,5.8918,5.8918
5.9118,5.9118,5.9118,5.9118,5.9118,5.9118,5.9118,5.9118,5.9118,5.9118
5.9319,5.9319,5.9319,5.9319,5.9319,5.9319,5.9319,5.9319,5.9319,5.9319
5.9519,5.9519,5.9519,5.9519,5.9519,5.9519,5.9519,5.9519,5.9519,5.9519
5.9719,5.9719,5.9719,5.9719,5.9719,5.9719,5.9719,5.9719,5.9719,5.9719
5.992,5.992,5.992,5.992,5.992,5.992,5.992,5.992,5.992,5.992
6.012,6.012,6.012,6.012,6.012,6.012,6.012,6.012,6.012,6.012
6.0321,6.0321,6.0321,6.0321,6.0321,6.0321,6.0321,6.0321,6.0321,6.0321
6.0521,6.0521,6.0521,6.0521,6.0521,6.0521,6.0521,6.0521,6.0521,6.0521
6.0721,6.0721,6.0721,6.0721,6.0721,6.0721,6.0721,6.0721,6.0721,6.0721
6.0922,6.0922,6.0922,6.0922,6.0922,6.0922,6.0922,6.0922,6.0922,6.0922
6.1122,6.1122,6.1122,6.1122,6.1122,6.1122,6.1122,6.1122,6.1122,6.1122
6.1323,6.1323,6.1323,6.1323,6.1323,6.1323,6.1323,6.1323,6.1323,6.1323
6.1523,6.1523,6.1523,6.1523,6.1523,6.1523,6.1523,6.1523,6.1523,6.1523
6.1723,6.1723,6.1723,6.1723,6.1723,6.1723,6.1723,6.1723,6.1723,6.1723
6.1924,6.1924,6.1924,6.1924,6.1924,6.1924,6.1924,6.1924,6.1924,6.1924
6.2124,6.2124,6.2124,6.2124,6.2124,6.2124,6.2124,6.2124,6.2124,6.2124
6.2325,6.2325,6.2325,6.2325,6.2325,6.2325,6.2325,6.2325,6.2325,6.2325
6.2525,6.2525,6.2525,6.2525,6.2525,6.2525,6.2525,6.2525,6.2525,6.2525
6.2725,6.2725,6.2725,6.2725,6.2725,6.2725,6.2725,6.2725,6.2725,6.2725
6.2926,6.2926,6.2926,6.2926,6.2926,6.2926,6.2926,6.2926,6.2926,6.2926
6.3126,6.3126,6.3126,6.3126,6.3126,6.3126,6.3126,6.3126,6.3126,6.3126
6.3327,6.3327,6.3327,6.3327,6.3327,6.3327,6.3327,6.3327,6.3327,6.3327
6.3527,6.3527,6.3527,6.3527,6.3527,6.3527,6.3527,6.3527,6.3527,6.3527
6.3727,6.3727,6.3727,6.3727,6.3727,6.3727,6.3727,6.3727,6.3727,6.3727
6.3928,6.3928,6.3928,6.3928,6.3928,6.3928,6.3928,6.3928,6.3928,6.3928
6.4128,6.4128,6.4128,6.4128,6.4128,6.4128,6.4128,6.4128,6.4128,6.4128
6.4329,6.4329,6.4329,6.4329,6.4329,6.4329,6.4329,6.4329,6.4329,6.4329
6.4529,6.4529,6.4529,6.4529,6.4529,6.4529,6.4529,6.4529,6.4529,6.4529
6.4729,6.4729,6.4729,6.4729,6.4729,6.4729,6.4729,6.4729,6.4729,6.4729
6.493,6.493,6.493,6.493,6.493,6.493,6.493,6.493,6.493,6.493
6.513,6.513,6.513,6.513,6.513,6.513,6.513,6.513,6.513,6.513
6.5331,6.5331,6.5331,6.5331,6.5331,6.5331,6.5331,6.5331,6.5331,6.5331
6.5531,6.5531,6.5531,6.5531,6.5531,6.5531,6.5531,6.5531,6.5531,6.5531
6.5731,6.5731,6.5731,6.5731,6.5731,6.5731,6.5731,6.5731,6.5731,6.5731
6.5932,6.5932,6.5932,6.5932,6.5932,6.5932,6.5932,6.5932,6.5932,6.5932
6.6132,6.6132,6.6132,6.6132,6.6132,6.6132,6.6132,6.6132,6.6132,6.6132
6.6333,6.6333,6.6333,6.6333,6.6333,6.6333,6.6333,6.6333,6.6333,6.6333
6.6533,6.6533,6.6533,6.6533,6.6533,6.6533,6.6533,6.6533,6.6533,6.6533
6.6733,6.6733,6.6733,6.6733,6.6733,6.6733,6.6733,6.6733,6.6733,6.6733
6.6934,6.6934,6.6934,6.6934,6.6934,6.6934,6.6934,6.6934,6.6934,6.6934
6.7134,6.7134,6.7134,6.7134,6.7134,6.7134,6.7134,6.7134,6.7134,6.7134
6.7335,6.7335,6.7335,6.7335,6.7335,6.7335,6.7335,6.7335,6.7335,6.7335
6.7535,6.7535,6.7535,6.7535,6.7535,6.7535,6.7535,6.7535,6.7535,6.7535
6.7735,6.7735,6.7735,6.7735,6.7735,6.7735,6.7735,6.7735,6.7735,6.7735
6.7936,6.7936,6.7936,6.7936,6.7936,6.7936,6.7936,6.7936,6.7936,6.7936
6.8136,6.8136,6.8136,6.8136,6.8136,6.8136,6.8136,6.8136,6.8136,6.8136
6.8337,6.8337,6.8337,6.8337,6.8337,6.8337,6.8337,6.8337,6.8337,6.8337
6.8537,6.8537,6.8537,6.8537,6.8537,6.8537,6.8537,6.8537,6.8537,6.8537
6.8737,6.8737,6.8737,6.8737,6.8737,6.8737,6.8737,6.8737,6.8737,6.8737
6.8938,6.8938,6.8938,6.8938,6.8938,6.8938,6.8938,6.8938,6.8938,6.8938
6.9138,6.9138,6.9138,6.9138,6.9138,6.9138,6.9138,6.9138,6.9138,6.9138
6.9339,6.9339,6.9339,6.9339,6.9339,6.9339,6.9339,6.9339,6.9339,6.9339
6.9539,6.9539,6.9539,6.9539,6.9539,6.9539,6.9539,6.9539,6.9539,6.9539
6.9739,6.9739,6.9739,6.9739,6.9739,6.9739,6.9739,6.9739,6.9739,6.9739
6.994,6.994,6.994,6.994,6.994,6.994,6.994,6.994,6.994,6.994
7.014,7.014,7.014,7.014,7.014,7.014,7.014,7.014,7.014,7.014
7.0341,7.0341,7.0341,7.0341,7.0341,7.0341,7.0341,7.0341,7.0341,7.0341
7.0541,7.0541,7.0541,7.0541,7.0541,7.0541,7.0541,7.0541,7.0541,7.0541
7.0741,7.0741,7.0741,7.0741,7.0741,7.0741,7.0741,7.0741,7.0741,7.0741
7.0942,7.0942,7.0942,7.0942,7.0942,7.0942,7.0942,7.0942,7.0942,7.0942
7.1142,7.1142,7.1142,7.1142,7.1142,7.1142,7.1142,7.1142,7.1142,7.1142
7.1343,7.1343,7.1343,7.1343,7.1343,7.1343,7.1343,7.1343,7.1343,7.1343
7.1543,7.1543,7.1543,7.1543,7.1543,7.1543,7.1543,7.1543,7.1543,7.1543
7.1743,7.1743,7.1743,7.1743,7.1743,7.1743,7.1743,7.1743,7.1743,7.1743
7.1944,7.1944,7.1944,7.1944,7.1944,7.1944,7.1944,7.1944,7.1944,7.1944
7.2144,7.2144,7.2144,7.2144,7.2144,7.2144,7.2144,7.2144,7.2144,7.2144
7.2345,7.2345,7.2345,7.2345,7.2345,7.2345,7.2345,7.2345,7.2345,7.2345
7.2545,7.2545,7.2545,7.2545,7.2545,7.2545,7.2545,7.2545,7.2545,7.2545
7.2745,7.2745,7.2745,7.2745,7.2745,7.2745,7.2745,7.2745,7.2745,7.2745
7.2946,7.2946,7.2946,7.2946,7.2946,7.2946,7.2946,7.2946,7.2946,7.2946
7.3146,7.3146,7.3146,7.3146,7.3146,7.3146,7.3146,7.3146,7.3146,7.3146
7.3347,7.3347,7.3347,7.3347,7.3347,7.3347,7.3347,7.3347,7.3347,7.3347
7.3547,7.3547,7.3547,7.3547,7.3547,7.3547,7.3547,7.3547,7.3547,7.3547
7.3747,7.3747,7.3747,7.3747,7.3747,7.3747,7.3747,7.3747,7.3747,7.3747
7.3948,7.3948,7.3948,7.3948,7.3948,7.3948,7.3948,7.3948,7.3948,7.3948
7.4148,7.4148,7.4148,7.4148,7.4148,7.4148,7.4148,7.4148,7.4148,7.4148
7.4349,7.4349,7.4349,7.4349,7.4349,7.4349,7.4349,7.4349,7.4349,7.4349
7.4549,7.4549,7.4549,7.4549,7.4549,7.4549,7.4549,7.4549,7.4549,7.4549
7.4749,7.4749,7.4749,7.4749,7.4749,7.4749,7.4749,7.4749,7.4749,7.4749
7.495,7.495,7.495,7.495,7.495,7.495,7.495,7.495,7.495,7.495
7.515,7.515,7.515,7.515,7.515,7.515,7.515,7.515,7.515,7.515
7.5351,7.5351,7.5351,7.5351,7.5351,7.5351,7.5351,7.5351,7.5351,7.5351
7.5551,7.5551,7.5551,7.5551,7.5551,7.5551,7.5551,7.5551,7.5551,7.5551
7.5752,7.5752,7.5752,7.5752,7.5752,7.5752,7.5752,7.5752,7.5752,7.5752
7.5952,7.5952,7.5952,7.5952,7.5952,7.5952,7.5952,7.5952,7.5952,7.5952
7.6152,7.6152,7.6152,7.6152,7.6152,7.6152,7.6152,7.6152,7.6152,7.6152
7.6353,7.6353,7.6353,7.6353,7.6353,7.6353,7.6353,7.6353,7.6353,7.6353
7.6553,7.6553,7.6553,7.6553,7.6553,7.6553,7.6553,7.6553,7.6553,7.6553
7.6754,7.6754,7.6754,7.6754,7.6754,7.6754,7.6754,7.6754,7.6754,7.6754
7.6954,7.6954,7.6954,7.6954,7.6954,7.6954,7.6954,7.6954,7.6954,7.6954
7.7154,7.7154,7.7154,7.7154,7.7154,7.7154,7.7154,7.7154,7.7154,7.7154
7.7355,7.7355,7.7355,7.7355,7.7355,7.7355,7.7355,7.7355,7.7355,7.7355
7.7555,7.7555,7.7555,7.7555,7.7555,7.7555,7.7555,7.7555,7.7555,7.7555
7.7756,7.7756,7.7756,7.7756,7.7756,7.7756,7.7756,7.7756,7.7756,7.7756
7.7956,7.7956,7.7956,7.7956,7.7956,7.7956,7.7956,7.7956,7.7956,7.7956
7.8156,7.8156,7.8156,7.8156,7.8156,7.8156,7.8156,7.8156,7.8156,7.8156
7.8357,7.8357,7.8357,7.8357,7.8357,7.8357,7.8357,7.8357,7.8357,7.8357
7.8557,7.8557,7.8557,7.8557,7.8557,7.8557,7.8557,7.8557,7.8557,7.8557
7.8758,7.8758,7.8758,7.8758,7.8758,7.8758,7.8758,7.8758,7.8758,7.8758
7.8958,7.8958,7.8958,7.8958,7.8958,7.8958,7.8958,7.8958,7.8958,7.8958
7.9158,7.9158,7.9158,7.9158,7.9158,7.9158,7.9158,7.9158,7.9158,7.9158
7.9359,7.9359,7.9359,7.9359,7.9359,7.9359,7.9359,7.9359,7.9359,7.9359
7.9559,7.9559,7.9559,7.9559,7.9559,7.9559,7.9559,7.9559,7.9559,7.9559
7.976,7.976,7.976,7.976,7.976,7.976,7.976,7.976,7.976,7.976
7.996,7.996,7.996,7.996,7.996,7.996,7.996,7.996,7.996,7.996
8.016,8.016,8.016,8.016,8.016,8.016,8.016,8.016,8.016,8.016
8.0361,8.0361,8.0361,8.0361,8.0361,8.0361,8.0361,8.0361,8.0361,8.0361
8.0561,8.0561,8.0561,8.0561,8.0561,8.0561,8.0561,8.0561,8.0561,8.0561
8.0762,8.0762,8.0762,8.0762,8.0762,8.0762,8.0762,8.0762,8.0762,8.0762
8.0962,8.0962,8.0962,8.0962,8.0962,8.0962,8.0962,8.0962,8.0962,8.0962
8.1162,8.1162,8.1162,8.1162,8.1162,8.1162,8.1162,8.1162,8.1162,8.1162
8.1363,8.1363,8.1363,8.1363,8.1363,8.1363,8.1363,8.1363,8.1363,8.1363
8.1563,8.1563,8.1563,8.1563,8.1563,8.1563,8.1563,8.1563,8.1563,8.1563
8.1764,8.1764,8.1764,8.1764,8.1764,8.1764,8.1764,8.1764,8.1764,8.1764
8.1964,8.1964,8.1964,8.1964,8.1964,8.1964,8.1964,8.1964,8.1964,8.1964
8.2164,8.2164,8.2164,8.2164,8.2164,8.2164,8.2164,8.2164,8.2164,8.2164
8.2365,8.2365,8.2365,8.2365,8.2365,8.2365,8.2365,8.2365,8.2365,8.2365
8.2565,8.2565,8.2565,8.2565,8.2565,8.2565,8.2565,8.2565,8.2565,8.2565
8.2766,8.2766,8.2766,8.2766,8.2766,8.2766,8.2766,8.2766,8.2766,8.2766
8.2966,8.2966,8.2966,8.2966,8.2966,8.2966,8.2966,8.2966,8.2966,8.2966
8.3166,8.3166,8.3166,8.3166,8.3166,8.3166,8.3166,8.3166,8.3166,8.3166
8.3367,8.3367,8.3367,8.3367,8.3367,8.3367,8.3367,8.3367,8.3367,8.3367
8.3567,8.3567,8.3567,8.3567,8.3567,8.3567,8.3567,8.3567,8.3567,8.3567
8.3768,8.3768,8.3768,8.3768,8.3768,8.3768,8.3768,8.3768,8.3768,8.3768
8.3968,8.3968,8.3968,8.3968,8.3968,8.3968,8.3968,8.3968,8.3968,8.3968
8.4168,8.4168,8.4168,8.4168,8.4168,8.4168,8.4168,8.4168,8.4168,8.4168
8.4369,8.4369,8.4369,8.4369,8.4369,8.4369,8.4369,8.4369,8.4369,8.4369
8.4569,8.4569,8.4569,8.4569,8.4569,8.4569,8.4569,8.4569,8.4569,8.4569
8.477,8.477,8.477,8.477,8.477,8.477,8.477,8.477,8.477,8.477
8.497,8.497,8.497,8.497,8.497,8.497,8.497,8.497,8.497,8.497
8.517,8.517,8.517,8.517,8.517,8.517,8.517,8.517,8.517,8.517
8.5371,8.5371,8.5371,8.5371,8.5371,8.5371,8.5371,8.5371,8.5371,8.5371
8.5571,8.5571,8.5571,8.5571,8.5571,8.5571,8.5571,8.5571,8.5571,8.5571
8.5772,8.5772,8.5772,8.5772,8.5772,8.5772,8.5772,8.5772,8.5772,8.5772
8.5972,8.5972,8.5972,8.5972,8.5972,8.5972,8.5972,8.5972,8.5972,8.5972
8.6172,8.6172,8.6172,8.6172,8.6172,8.6172,8.6172,8.6172,8.6172,8.6172
8.6373,8.6373,8.6373,8.6373,8.6373,8.6373,8.6373,8.6373,8.6373,8.6373
8.6573,8.6573,8.6573,8.6573,8.6573,8.6573,8.6573,8.6573,8.6573,8.6573
8.6774,8.6774,8.6774,8.6774,8.6774,8.6774,8.6774,8.6774,8.6774,8.6774
8.6974,8.6974,8.6974,8.6974,8.6974,8.6974,8.6974,8.6974,8.6974,8.6974
8.7174,8.7174,8.7174,8.7174,8.7174,8.7174,8.7174,8.7174,8.7174,8.7174
8.7375,8.7375,8.7375,8.7375,8.7375,8.7375,8.7375,8.7375,8.7375,8.7375
8.7575,8.7575,8.7575,8.7575,8.7575,8.7575,8.7575,8.7575,8.7575,8.7575
8.7776,8.7776,8.7776,8.7776,8.7776,8.7776,8.7776,8.7776,8.7776,8.7776
8.7976,8.7976,8.7976,8.7976,8.7976,8.7976,8.7976,8.7976,8.7976,8.7976
8.8176,8.8176,8.8176,8.8176,8.8176,8.8176,8.8176,8.8176,8.8176,8.8176
8.8377,8.8377,8.8377,8.8377,8.8377,8.8377,8.8377,8.8377,8.8377,8.8377
8.8577,8.8577,8.8577,8.8577,8.8577,8.8577,8.8577,8.8577,8.8577,8.8577
8.8778,8.8778,8.8778,8.8778,8.8778,8.8778,8.8778,8.8778,8.8778,8.8778
8.8978,8.8978,8.8978,8.8978,8.8978,8.8978,8.8978,8.8978,8.8978,8.8978
8.9178,8.9178,8.9178,8.9178,8.9178,8.9178,8.9178,8.9178,8.9178,8.9178
8.9379,8.9379,8.9379,8.9379,8.9379,8.9379,8.9379,8.9379,8.9379,8.9379
8.9579,8.9579,8.9579,8.9579,8.9579,8.9579,8.9579,8.9579,8.9579,8.9579
8.978,8.978,8.978,8.978,8.978,8.978,8.978,8.978,8.978,8.978
8.998,8.998,8.998,8.998,8.998,8.998,8.998,8.998,8.998,8.998
9.018,9.018,9.018,9.018,9.018,9.018,9.018,9.018,9.018,9.018
9.0381,9.0381,9.0381,9.0381,9.0381,9.0381,9.0381,9.0381,9.0381,9.0381
9.0581,9.0581,9.0581,9.0581,9.0581,9.0581,9.0581,9.0581,9.0581,9.0581
9.0782,9.0782,9.0782,9.0782,9.0782,9.0782,9.0782,9.0782,9.0782,9.0782
9.0982,9.0982,9.0982,9.0982,9.0982,9.0982,9.0982,9.0982,9.0982,9.0982
9.1182,9.1182,9.1182,9.1182,9.1182,9.1182,9.1182,9.1182,9.1182,9.1182
9.1383,9.1383,9.1383,9.1383,9.1383,9.1383,9.1383,9.1383,9.1383,9.1383
9.1583,9.1583,9.1583,9.1583,9.1583,9.1583,9.1583,9.1583,9.1583,9.1583
9.1784,9.1784,9.1784,9.1784,9.1784,9.1784,9.1784,9.1784,9.1784,9.1784
9.1984,9.1984,9.1984,9.1984,9.1984,9.1984,9.1984,9.1984,9.1984,9.1984
9.2184,9.2184,9.2184,9.2184,9.2184,9.2184,9.2184,9.2184,9.2184,9.2184
9.2385,9.2385,9.2385,9.2385,9.2385,9.2385,9.2385,9.2385,9.2385,9.2385
9.2585,9.2585,9.2585,9.2585,9.2585,9.2585,9.2585,9.2585,9.2585,9.2585
9.2786,9.2786,9.2786,9.2786,9.2786,9.2786,9.2786,9.2786,9.2786,9.2786
9.2986,9.2986,9.2986,9.2986,9.2986,9.2986,9.2986,9.2986,9.2986,9.2986
9.3186,9.3186,9.3186,9.3186,9.3186,9.3186,9.3186,9.3186,9.3186,9.3186
9.3387,9.3387,9.3387,9.3387,9.3387,9.3387,9.3387,9.3387,9.3387,9.3387
9.3587,9.3587,9.3587,9.3587,9.3587,9.3587,9.3587,9.3587,9.3587,9.3587
9.3788,9.3788,9.3788,9.3788,9.3788,9.3788,9.3788,9.3788,9.3788,9.3788
9.3988,9.3988,9.3988,9.3988,9.3988,9.3988,9.3988,9.3988,9.3988,9.3988
9.4188,9.4188,9.4188,9.4188,9.4188,9.4188,9.4188,9.4188,9.4188,9.4188
9.4389,9.4389,9.4389,9.4389,9.4389,9.4389,9.4389,9.4389,9.4389,9.4389
9.4589,9.4589,9.4589,9.4589,9.4589,9.4589,9.4589,9.4589,9.4589,9.4589
9.479,9.479,9.479,9.479,9.479,9.479,9.479,9.479,9.479,9.479
9.499,9.499,9.499,9.499,9.499,9.499,9.499,9.499,9.499,9.499
9.519,9.519,9.519,9.519,9.519,9.519,9.519,9.519,9.519,9.519
9.5391,9.5391,9.5391,9.5391,9.5391,9.5391,9.5391,9.5391,9.5391,9.5391
9.5591,9.5591,9.5591,9.5591,9.5591,9.5591,9.5591,9.5591,9.5591,9.5591
9.5792,9.5792,9.5792,9.5792,9.5792,9.5792,9.5792,9.5792,9.5792,9.5792
9.5992,9.5992,9.5992,9.5992,9.5992,9.5992,9.5992,9.5992,9.5992,9.5992
9.6192,9.6192,9.6192,9.6192,9.6192,9.6192,9.6192,9.6192,9.6192,9.6192
9.6393,9.6393,9.6393,9.6393,9.6393,9.6393,9.6393,9.6393,9.6393,9.6393
9.6593,9.6593,9.6593,9.6593,9.6593,9.6593,9.6593,9.6593,9.6593,9.6593
9.6794,9.6794,9.6794,9.6794,9.6794,9.6794,9.6794,9.6794,9.6794,9.6794
9.6994,9.6994,9.6994,9.6994,9.6994,9.6994,9.6994,9.6994,9.6994,9.6994
9.7194,9.7194,9.7194,9.7194,9.7194,9.7194,9.7194,9.7194,9.7194,9.7194
9.7395,9.7395,9.7395,9.7395,9.7395,9.7395,9.7395,9.7395,9.7395,9.7395
9.7595,9.7595,9.7595,9.7595,9.7595,9.7595,9.7595,9.7595,9.7595,9.7595
9.7796,9.7796,9.7796,9.7796,9.7796,9.7796,9.7796,9.7796,9.7796,9.7796
9.7996,9.7996,9.7996,9.7996,9.7996,9.7996,9.7996,9.7996,9.7996,9.7996
9.8196,9.8196,9.8196,9.8196,9.8196,9.8196,9.8196,9.8196,9.8196,9.8196
9.8397,9.8397,9.8397,9.8397,9.8397,9.8397,9.8397,9.8397,9.8397,9.8397
9.8597,9.8597,9.8597,9.8597,9.8597,9.8597,9.8597,9.8597,9.8597,9.8597
9.8798,9.8798,9.8798,9.8798,9.8798,9.8798,9.8798,9.8798,9.8798,9.8798
9.8998,9.8998,9.8998,9.8998,9.8998,9.8998,9.8998,9.8998,9.8998,9.8998
9.9198,9.9198,9.9198,9.9198,9.9198,9.9198,9.9198,9.9198,9.9198,9.9198
9.9399,9.9399,9.9399,9.9399,9.9399,9.9399,9.9399,9.9399,9.9399,9.9399
9.9599,9.9599,9.9599,9.9599,9.9599,9.9599,9.9599,9.9599,9.9599,9.9599
9.98,9.98,9.98,9.98,9.98,9.98,9.98,9.98,9.98,9.98
10,10,10,10,10,10,10,10,10,10
10,10,10,10,10,10,10,10,10,10
10,10,10,10,10,10,10,10,10,10
10,10,10,10,10,10,10,10,10,10
10,10,10,10,10,10,10,10,10,10
10,10,10,10,10,10,10,10,10,10
10,10,10,10,10,10,10,10,10,10
10,10,10,10,10,10,10,10,10,10
10,10,10,10,10,10,10,10,10,10
10,10,10,10,10,10,10,10,10,10
10,10,10,10,10,10,10,10,10,10
10,10,10,10,10,10,10,10,10,10
10,10,10,10,10,10,10,10,10,10
10,10,10,10,10,10,10,10,10,10
10,10,10,10,10,10,10,10,10,10
10,10,10,10,10,10,10,10,10,10
10,10,10,10,10,10,10,10,10,10
10,10,10,10,10,10,10,10,10,10
10,10,10,10,10,10,10,10,10,10
10,10,10,10,10,10,10,10,10,10
10,10,10,10,10,10,10,10,10,10
10,10,10,10,10,10,10,10,10,10
10,10,10,10,10,10,10,10,10,10
10,10,10,10,10,10,10,10,10,10
10,10,10,10,10,10,10,10,10,10
10,10,10,10,10,10,10,10,10,10
10,10,10,10,10,10,10,10,10,10
10,10,10,10,10,10,10,10,10,10
10,10,10,10,10,10,10,10,10,10
10,10,10,10,10,10,10,10,10,10
10,10,10,10,10,10,10,10,10,10
10,10,10,10,10,10,10,10,10,10
10,10,10,10,10,10,10,10,10,10
10,10,10,10,10,10,10,10,10,10
10,10,10,10,10,10,10,10,10,10
10,10,10,10,10,10,10,10,10,10
10,10,10,10,10,10,10,10,10,10
10,10,10,10,10,10,10,10,10,10
10,10,10,10,10,10,10,10,10,10
10,10,10,10,10,10,10,10,10,10
10,10,10,10,10,10,10,10,10,10
10,10,10,10,10,10,10,10,10,10
10,10,10,10,10,10,10,10,10,10
10,10,10,10,10,10,10,10,10,10
10,10,10,10,10,10,10,10,10,10
10,10,10,10,10,10,10,10,10,10
10,10,10,10,10,10,10,10,10,10
10,10,10,10,10,10,10,10,10,10
10,10,10,10,10,10,10,10,10,10
10,10,10,10,10,10,10,10,10,10
10,10,10,10,10,10,10,10,10,10
10,10,10,10,10,10,10,10,10,10
10,10,10,10,10,10,10,10,10,10
10,10,10,10,10,10,10,10,10,10
10,10,10,10,10,10,10,10,10,10
10,10,10,10,10,10,10,10,10,10
10,10,10,10,10,10,10,10,10,10
10,10,10,10,10,10,10,10,10,10
10,10,10,10,10,10,10,10,10,10
10,10,10,10,10,10,10,10,10,10
10,10,10,10,10,10,10,10,10,10
10,10,10,10,10,10,10,10,10,10
10,10,10,10,10,10,10,10,10,10
10,10,10,10,10,10,10,10,10,10
10,10,10,10,10,10,10,10,10,10
10,10,10,10,10,10,10,10,10,10
10,10,10,10,10,10,10,10,10,10
10,10,10,10,10,10,10,10,10,10
10,10,10,10,10,10,10,10,10,10
10,10,10,10,10,10,10,10,10,10
10,10,10,10,10,10,10,10,10,10
10,10,10,10,10,10,10,10,10,10
10,10,10,10,10,10,10,10,10,10
10,10,10,10,10,10,10,10,10,10
10,10,10,10,10,10,10,10,10,10
10,10,10,10,10,10,10,10,10,10
10,10,10,10,10,10,10,10,10,10
10,10,10,10,10,10,10,10,10,10
10,10,10,10,10,10,10,10,10,10
10,10,10,10,10,10,10,10,10,10
10,10,10,10,10,10,10,10,10,10
10,10,10,10,10,10,10,10,10,10
10,10,10,10,10,10,10,10,10,10
10,10,10,10,10,10,10,10,10,10
10,10,10,10,10,10,10,10,10,10
10,10,10,10,10,10,10,10,10,10
10,10,10,10,10,10,10,10,10,10
10,10,10,10,10,10,10,10,10,10
10,10,10,10,10,10,10,10,10,10
10,10,10,10,10,10,10,10,10,10
10,10,10,10,10,10,10,10,10,10
10,10,10,10,10,10,10,10,10,10
10,10,10,10,10,10,10,10,10,10
10,10,10,10,10,10,10,10,10,10
10,10,10,10,10,10,10,10,10,10
10,10,10,10,10,10,10,10,10,10
10,10,10,10,10,10,10,10,10,10
10,10,10,10,10,10,10,10,10,10
10,10,10,10,10,10,10,10,10,10
10,10,10,10,10,10,10,10,10,10
10,10,10,10,10,10,10,10,10,10
10,10,10,10,10,10,10,10,10,10
10,10,10,10,10,10,10,10,10,10
10,10,10,10,10,10,10,10,10,10
10,10,10,10,10,10,10,10,10,10
10,10,10,10,10,10,10,10,10,10
10,10,10,10,10,10,10,10,10,10
10,10,10,10,10,10,10,10,10,10
10,10,10,10,10,10,10,10,10,10
10,10,10,10,10,10,10,10,10,10
10,10,10,10,10,10,10,10,10,10
10,10,10,10,10,10,10,10,10,10
10,10,10,10,10,10,10,10,10,10
10,10,10,10,10,10,10,10,10,10
10,10,10,10,10,10,10,10,10,10
10,10,10,10,10,10,10,10,10,10
10,10,10,10,10,10,10,10,10,10
10,10,10,10,10,10,10,10,10,10
10,10,10,10,10,10,10,10,10,10
10,10,10,10,10,10,10,10,10,10
10,10,10,10,10,10,10,10,10,10
10,10,10,10,10,10,10,10,10,10
10,10,10,10,10,10,10,10,10,10
10,10,10,10,10,10,10,10,10,10
10,10,10,10,10,10,10,10,10,10
10,10,10,10,10,10,10,10,10,10
10,10,10,10,10,10,10,10,10,10
10,10,10,10,10,10,10,10,10,10
10,10,10,10,10,10,10,10,10,10
10,10,10,10,10,10,10,10,10,10
10,10,10,10,10,10,10,10,10,10
10,10,10,10,10,10,10,10,10,10
10,10,10,10,10,10,10,10,10,10
10,10,10,10,10,10,10,10,10,10
10,10,10,10,10,10,10,10,10,10
10,10,10,10,10,10,10,10,10,10
10,10,10,10,10,10,10,10,10,10
10,10,10,10,10,10,10,10,10,10
10,10,10,10,10,10,10,10,10,10
10,10,10,10,10,10,10,10,10,10
10,10,10,10,10,10,10,10,10,10
10,10,10,10,10,10,10,10,10,10
10,10,10,10,10,10,10,10,10,10
10,10,10,10,10,10,10,10,10,10
10,10,10,10,10,10,10,10,10,10
10,10,10,10,10,10,10,10,10,10
10,10,10,10,10,10,10,10,10,10
10,10,10,10,10,10,10,10,10,10
10,10,10,10,10,10,10,10,10,10
10,10,10,10,10,10,10,10,10,10
10,10,10,10,10,10,10,10,10,10
10,10,10,10,10,10,10,10,10,10
10,10,10,10,10,10,10,10,10,10
10,10,10,10,10,10,10,10,10,10
10,10,10,10,10,10,10,10,10,10
10,10,10,10,10,10,10,10,10,10
10,10,10,10,10,10,10,10,10,10
10,10,10,10,10,10,10,10,10,10
10,10,10,10,10,10,10,10,10,10
10,10,10,10,10,10,10,10,10,10
10,10,10,10,10,10,10,10,10,10
10,10,10,10,10,10,10,10,10,10
10,10,10,10,10,10,10,10,10,10
10,10,10,10,10,10,10,10,10,10
10,10,10,10,10,10,10,10,10,10
10,10,10,10,10,10,10,10,10,10
10,10,10,10,10,10,10,10,10,10
10,10,10,10,10,10,10,10,10,10
10,10,10,10,10,10,10,10,10,10
10,10,10,10,10,10,10,10,10,10
10,10,10,10,10,10,10,10,10,10
10,10,10,10,10,10,10,10,10,10
10,10,10,10,10,10,10,10,10,10
10,10,10,10,10,10,10,10,10,10
10,10,10,10,10,10,10,10,10,10
10,10,10,10,10,10,10,10,10,10
10,10,10,10,10,10,10,10,10,10
10,10,10,10,10,10,10,10,10,10
10,10,10,10,10,10,10,10,10,10
10,10,10,10,10,10,10,10,10,10
10,10,10,10,10,10,10,10,10,10
10,10,10,10,10,10,10,10,10,10
10,10,10,10,10,10,10,10,10,10
10,10,10,10,10,10,10,10,10,10
10,10,10,10,10,10,10,10,10,10
10,10,10,10,10,10,10,10,10,10
10,10,10,10,10,10,10,10,10,10
10,10,10,10,10,10,10,10,10,10
10,10,10,10,10,10,10,10,10,10
10,10,10,10,10,10,10,10,10,10
10,10,10,10,10,10,10,10,10,10
10,10,10,10,10,10,10,10,10,10
10,10,10,10,10,10,10,10,10,10
10,10,10,10,10,10,10,10,10,10
10,10,10,10,10,10,10,10,10,10
10,10,10,10,10,10,10,10,10,10
10,10,10,10,10,10,10,10,10,10
10,10,10,10,10,10,10,10,10,10
10,10,10,10,10,10,10,10,10,10
10,10,10,10,10,10,10,10,10,10
10,10,10,10,10,10,10,10,10,10
10,10,10,10,10,10,10,10,10,10
10,10,10,10,10,10,10,10,10,10
10,10,10,10,10,10,10,10,10,10
10,10,10,10,10,10,10,10,10,10
10,10,10,10,10,10,10,10,10,10
10,10,10,10,10,10,10,10,10,10
10,10,10,10,10,10,10,10,10,10
10,10,10,10,10,10,10,10,10,10
10,10,10,10,10,10,10,10,10,10
10,10,10,10,10,10,10,10,10,10
10,10,10,10,10,10,10,10,10,10
10,10,10,10,10,10,10,10,10,10
10,10,10,10,10,10,10,10,10,10
10,10,10,10,10,10,10,10,10,10
10,10,10,10,10,10,10,10,10,10
10,10,10,10,10,10,10,10,10,10
10,10,10,10,10,10,10,10,10,10
10,10,10,10,10,10,10,10,10,10
10,10,10,10,10,10,10,10,10,10
10,10,10,10,10,10,10,10,10,10
10,10,10,10,10,10,10,10,10,10
10,10,10,10,10,10,10,10,10,10
10,10,10,10,10,10,10,10,10,10
10,10,10,10,10,10,10,10,10,10
10,10,10,10,10,10,10,10,10,10
10,10,10,10,10,10,10,10,10,10
10,10,10,10,10,10,10,10,10,10
10,10,10,10,10,10,10,10,10,10
10,10,10,10,10,10,10,10,10,10
10,10,10,10,10,10,10,10,10,10
10,10,10,10,10,10,10,10,10,10
10,10,10,10,10,10,10,10,10,10
10,10,10,10,10,10,10,10,10,10
10,10,10,10,10,10,10,10,10,10
10,10,10,10,10,10,10,10,10,10
10,10,10,10,10,10,10,10,10,10
10,10,10,10,10,10,10,10,10,10
10,10,10,10,10,10,10,10,10,10
10,10,10,10,10,10,10,10,10,10
10,10,10,10,10,10,10,10,10,10
10,10,10,10,10,10,10,10,10,10
10,10,10,10,10,10,10,10,10,10
10,10,10,10,10,10,10,10,10,10
10,10,10,10,10,10,10,10,10,10
10,10,10,10,10,10,10,10,10,10
10,10,10,10,10,10,10,10,10,10
10,10,10,10,10,10,10,10,10,10
10,10,10,10,10,10,10,10,10,10
10,10,10,10,10,10,10,10,10,10
10,10,10,10,10,10,10,10,10,10
10,10,10,10,10,10,10,10,10,10
10,10,10,10,10,10,10,10,10,10
10,10,10,10,10,10,10,10,10,10
10,10,10,10,10,10,10,10,10,10
10,10,10,10,10,10,10,10,10,10
10,10,10,10,10,10,10,10,10,10
10,10,10,10,10,10,10,10,10,10
10,10,10,10,10,10,10,10,10,10
10,10,10,10,10,10,10,10,10,10
10,10,10,10,10,10,10,10,10,10
10,10,10,10,10,10,10,10,10,10
10,10,10,10,10,10,10,10,10,10
10,10,10,10,10,10,10,10,10,10
10,10,10,10,10,10,10,10,10,10
10,10,10,10,10,10,10,10,10,10
10,10,10,10,10,10,10,10,10,10
10,10,10,10,10,10,10,10,10,10
10,10,10,10,10,10,10,10,10,10
10,10,10,10,10,10,10,10,10,10
10,10,10,10,10,10,10,10,10,10
10,10,10,10,10,10,10,10,10,10
10,10,10,10,10,10,10,10,10,10
10,10,10,10,10,10,10,10,10,10
10,10,10,10,10,10,10,10,10,10
10,10,10,10,10,10,10,10,10,10
10,10,10,10,10,10,10,10,10,10
10,10,10,10,10,10,10,10,10,10
10,10,10,10,10,10,10,10,10,10
10,10,10,10,10,10,10,10,10,10
10,10,10,10,10,10,10,10,10,10
10,10,10,10,10,10,10,10,10,10
10,10,10,10,10,10,10,10,10,10
10,10,10,10,10,10,10,10,10,10
10,10,10,10,10,10,10,10,10,10
10,10,10,10,10,10,10,10,10,10
10,10,10,10,10,10,10,10,10,10
10,10,10,10,10,10,10,10,10,10
10,10,10,10,10,10,10,10,10,10
10,10,10,10,10,10,10,10,10,10
10,10,10,10,10,10,10,10,10,10
10,10,10,10,10,10,10,10,10,10
10,10,10,10,10,10,10,10,10,10
10,10,10,10,10,10,10,10,10,10
10,10,10,10,10,10,10,10,10,10
10,10,10,10,10,10,10,10,10,10
10,10,10,10,10,10,10,10,10,10
10,10,10,10,10,10,10,10,10,10
10,10,10,10,10,10,10,10,10,10
10,10,10,10,10,10,10,10,10,10
10,10,10,10,10,10,10,10,10,10
10,10,10,10,10,10,10,10,10,10
10,10,10,10,10,10,10,10,10,10
10,10,10,10,10,10,10,10,10,10
10,10,10,10,10,10,10,10,10,10
10,10,10,10,10,10,10,10,10,10
10,10,10,10,10,10,10,10,10,10
10,10,10,10,10,10,10,10,10,10
10,10,10,10,10,10,10,10,10,10
10,10,10,10,10,10,10,10,10,10
10,10,10,10,10,10,10,10,10,10
10,10,10,10,10,10,10,10,10,10
10,10,10,10,10,10,10,10,10,10
10,10,10,10,10,10,10,10,10,10
10,10,10,10,10,10,10,10,10,10
10,10,10,10,10,10,10,10,10,10
10,10,10,10,10,10,10,10,10,10
10,10,10,10,10,10,10,10,10,10
10,10,10,10,10,10,10,10,10,10
10,10,10,10,10,10,10,10,10,10
10,10,10,10,10,10,10,10,10,10
10,10,10,10,10,10,10,10,10,10
10,10,10,10,10,10,10,10,10,10
10,10,10,10,10,10,10,10,10,10
10,10,10,10,10,10,10,10,10,10
10,10,10,10,10,10,10,10,10,10
10,10,10,10,10,10,10,10,10,10
10,10,10,10,10,10,10,10,10,10
10,10,10,10,10,10,10,10,10,10
10,10,10,10,10,10,10,10,10,10
10,10,10,10,10,10,10,10,10,10
10,10,10,10,10,10,10,10,10,10
10,10,10,10,10,10,10,10,10,10
10,10,10,10,10,10,10,10,10,10
10,10,10,10,10,10,10,10,10,10
10,10,10,10,10,10,10,10,10,10
10,10,10,10,10,10,10,10,10,10
10,10,10,10,10,10,10,10,10,10
10,10,10,10,10,10,10,10,10,10
10,10,10,10,10,10,10,10,10,10
10,10,10,10,10,10,10,10,10,10
10,10,10,10,10,10,10,10,10,10
10,10,10,10,10,10,10,10,10,10
10,10,10,10,10,10,10,10,10,10
10,10,10,10,10,10,10,10,10,10
10,10,10,10,10,10,10,10,10,10
10,10,10,10,10,10,10,10,10,10
10,10,10,10,10,10,10,10,10,10
10,10,10,10,10,10,10,10,10,10
10,10,10,10,10,10,10,10,10,10
10,10,10,10,10,10,10,10,10,10
10,10,10,10,10,10,10,10,10,10
10,10,10,10,10,10,10,10,10,10
10,10,10,10,10,10,10,10,10,10
10,10,10,10,10,10,10,10,10,10
10,10,10,10,10,10,10,10,10,10
10,10,10,10,10,10,10,10,10,10
10,10,10,10,10,10,10,10,10,10
10,10,10,10,10,10,10,10,10,10
10,10,10,10,10,10,10,10,10,10
10,10,10,10,10,10,10,10,10,10
10,10,10,10,10,10,10,10,10,10
10,10,10,10,10,10,10,10,10,10
10,10,10,10,10,10,10,10,10,10
10,10,10,10,10,10,10,10,10,10
10,10,10,10,10,10,10,10,10,10
10,10,10,10,10,10,10,10,10,10
10,10,10,10,10,10,10,10,10,10
10,10,10,10,10,10,10,10,10,10
10,10,10,10,10,10,10,10,10,10
10,10,10,10,10,10,10,10,10,10
10,10,10,10,10,10,10,10,10,10
10,10,10,10,10,10,10,10,10,10
10,10,10,10,10,10,10,10,10,10
10,10,10,10,10,10,10,10,10,10
10,10,10,10,10,10,10,10,10,10
10,10,10,10,10,10,10,10,10,10
10,10,10,10,10,10,10,10,10,10
10,10,10,10,10,10,10,10,10,10
10,10,10,10,10,10,10,10,10,10
10,10,10,10,10,10,10,10,10,10
10,10,10,10,10,10,10,10,10,10
10,10,10,10,10,10,10,10,10,10
10,10,10,10,10,10,10,10,10,10
10,10,10,10,10,10,10,10,10,10
10,10,10,10,10,10,10,10,10,10
10,10,10,10,10,10,10,10,10,10
10,10,10,10,10,10,10,10,10,10
10,10,10,10,10,10,10,10,10,10
10,10,10,10,10,10,10,10,10,10
10,10,10,10,10,10,10,10,10,10
10,10,10,10,10,10,10,10,10,10
10,10,10,10,10,10,10,10,10,10
10,10,10,10,10,10,10,10,10,10
10,10,10,10,10,10,10,10,10,10
10,10,10,10,10,10,10,10,10,10
10,10,10,10,10,10,10,10,10,10
10,10,10,10,10,10,10,10,10,10
10,10,10,10,10,10,10,10,10,10
10,10,10,10,10,10,10,10,10,10
10,10,10,10,10,10,10,10,10,10
10,10,10,10,10,10,10,10,10,10
10,10,10,10,10,10,10,10,10,10
10,10,10,10,10,10,10,10,10,10
10,10,10,10,10,10,10,10,10,10
10,10,10,10,10,10,10,10,10,10
10,10,10,10,10,10,10,10,10,10
10,10,10,10,10,10,10,10,10,10
10,10,10,10,10,10,10,10,10,10
10,10,10,10,10,10,10,10,10,10
10,10,10,10,10,10,10,10,10,10
10,10,10,10,10,10,10,10,10,10
10,10,10,10,10,10,10,10,10,10
10,10,10,10,10,10,10,10,10,10
10,10,10,10,10,10,10,10,10,10
10,10,10,10,10,10,10,10,10,10
10,10,10,10,10,10,10,10,10,10
10,10,10,10,10,10,10,10,10,10
10,10,10,10,10,10,10,10,10,10
10,10,10,10,10,10,10,10,10,10
10,10,10,10,10,10,10,10,10,10
10,10,10,10,10,10,10,10,10,10
10,10,10,10,10,10,10,10,10,10
10,10,10,10,10,10,10,10,10,10
10,10,10,10,10,10,10,10,10,10
10,10,10,10,10,10,10,10,10,10
10,10,10,10,10,10,10,10,10,10
10,10,10,10,10,10,10,10,10,10
10,10,10,10,10,10,10,10,10,10
10,10,10,10,10,10,10,10,10,10
10,10,10,10,10,10,10,10,10,10
10,10,10,10,10,10,10,10,10,10
10,10,10,10,10,10,10,10,10,10
10,10,10,10,10,10,10,10,10,10
10,10,10,10,10,10,10,10,10,10
10,10,10,10,10,10,10,10,10,10
10,10,10,10,10,10,10,10,10,10
10,10,10,10,10,10,10,10,10,10
10,10,10,10,10,10,10,10,10,10
10,10,10,10,10,10,10,10,10,10
10,10,10,10,10,10,10,10,10,10
10,10,10,10,10,10,10,10,10,10
10,10,10,10,10,10,10,10,10,10
10,10,10,10,10,10,10,10,10,10
10,10,10,10,10,10,10,10,10,10
10,10,10,10,10,10,10,10,10,10
10,10,10,10,10,10,10,10,10,10
10,10,10,10,10,10,10,10,10,10
10,10,10,10,10,10,10,10,10,10
10,10,10,10,10,10,10,10,10,10
10,10,10,10,10,10,10,10,10,10
10,10,10,10,10,10,10,10,10,10
10,10,10,10,10,10,10,10,10,10
10,10,10,10,10,10,10,10,10,10
10,10,10,10,10,10,10,10,10,10
10,10,10,10,10,10,10,10,10,10
10,10,10,10,10,10,10,10,10,10
10,10,10,10,10,10,10,10,10,10
10,10,10,10,10,10,10,10,10,10
10,10,10,10,10,10,10,10,10,10
10,10,10,10,10,10,10,10,10,10
10,10,10,10,10,10,10,10,10,10
10,10,10,10,10,10,10,10,10,10
10,10,10,10,10,10,10,10,10,10
10,10,10,10,10,10,10,10,10,10
10,10,10,10,10,10,10,10,10,10
10,10,10,10,10,10,10,10,10,10
10,10,10,10,10,10,10,10,10,10
10,10,10,10,10,10,10,10,10,10
10,10,10,10,10,10,10,10,10,10
10,10,10,10,10,10,10,10,10,10
10,10,10,10,10,10,10,10,10,10
10,10,10,10,10,10,10,10,10,10
10,10,10,10,10,10,10,10,10,10
10,10,10,10,10,10,10,10,10,10
10,10,10,10,10,10,10,10,10,10
10,10,10,10,10,10,10,10,10,10
10,10,10,10,10,10,10,10,10,10
10,10,10,10,10,10,10,10,10,10
10,10,10,10,10,10,10,10,10,10
10,10,10,10,10,10,10,10,10,10
10,10,10,10,10,10,10,10,10,10
10,10,10,10,10,10,10,10,10,10
10,10,10,10,10,10,10,10,10,10
10,10,10,10,10,10,10,10,10,10
10,10,10,10,10,10,10,10,10,10
10,10,10,10,10,10,10,10,10,10
10,10,10,10,10,10,10,10,10,10
10,10,10,10,10,10,10,10,10,10
10,10,10,10,10,10,10,10,10,10
10,10,10,10,10,10,10,10,10,10
10,10,10,10,10,10,10,10,10,10
10,10,10,10,10,10,10,10,10,10
10,10,10,10,10,10,10,10,10,10
10,10,10,10,10,10,10,10,10,10
10,10,10,10,10,10,10,10,10,10
10,10,10,10,10,10,10,10,10,10
10,10,10,10,10,10,10,10,10,10
10,10,10,10,10,10,10,10,10,10
10,10,10,10,10,10,10,10,10,10
10,10,10,10,10,10,10,10,10,10
10,10,10,10,10,10,10,10,10,10
10.02,10.02,10.02,10.02,10.02,10.02,10.02,10.02,10.02,10.02
10.04,10.04,10.04,10.04,10.04,10.04,10.04,10.04,10.04,10.04
10.06,10.06,10.06,10.06,10.06,10.06,10.06,10.06,10.06,10.06
10.08,10.08,10.08,10.08,10.08,10.08,10.08,10.08,10.08,10.08
10.1,10.1,10.1,10.1,10.1,10.1,10.1,10.1,10.1,10.1
10.12,10.12,10.12,10.12,10.12,10.12,10.12,10.12,10.12,10.12
10.14,10.14,10.14,10.14,10.14,10.14,10.14,10.14,10.14,10.14
10.16,10.16,10.16,10.16,10.16,10.16,10.16,10.16,10.16,10.16
10.18,10.18,10.18,10.18,10.18,10.18,10.18,10.18,10.18,10.18
10.2,10.2,10.2,10.2,10.2,10.2,10.2,10.2,10.2,10.2
10.22,10.22,10.22,10.22,10.22,10.22,10.22,10.22,10.22,10.22
10.24,10.24,10.24,10.24,10.24,10.24,10.24,10.24,10.24,10.24
10.261,10.261,10.261,10.261,10.261,10.261,10.261,10.261,10.261,10.261
10.281,10.281,10.281,10.281,10.281,10.281,10.281,10.281,10.281,10.281
10.301,10.301,10.301,10.301,10.301,10.301,10.301,10.301,10.301,10.301
10.321,10.321,10.321,10.321,10.321,10.321,10.321,10.321,10.321,10.321
10.341,10.341,10.341,10.341,10.341,10.341,10.341,10.341,10.341,10.341
10.361,10.361,10.361,10.361,10.361,10.361,10.361,10.361,10.361,10.361
10.381,10.381,10.381,10.381,10.381,10.381,10.381,10.381,10.381,10.381
10.401,10.401,10.401,10.401,10.401,10.401,10.401,10.401,10.401,10.401
10.421,10.421,10.421,10.421,10.421,10.421,10.421,10.421,10.421,10.421
10.441,10.441,10.441,10.441,10.441,10.441,10.441,10.441,10.441,10.441
10.461,10.461,10.461,10.461,10.461,10.461,10.461,10.461,10.461,10.461
10.481,10.481,10.481,10.481,10.481,10.481,10.481,10.481,10.481,10.481
10.501,10.501,10.501,10.501,10.501,10.501,10.501,10.501,10.501,10.501
10.521,10.521,10.521,10.521,10.521,10.521,10.521,10.521,10.521,10.521
10.541,10.541,10.541,10.541,10.541,10.541,10.541,10.541,10.541,10.541
10.561,10.561,10.561,10.561,10.561,10.561,10.561,10.561,10.561,10.561
10.581,10.581,10.581,10.581,10.581,10.581,10.581,10.581,10.581,10.581
10.601,10.601,10.601,10.601,10.601,10.601,10.601,10.601,10.601,10.601
10.621,10.621,10.621,10.621,10.621,10.621,10.621,10.621,10.621,10.621
10.641,10.641,10.641,10.641,10.641,10.641,10.641,10.641,10.641,10.641
10.661,10.661,10.661,10.661,10.661,10.661,10.661,10.661,10.661,10.661
10.681,10.681,10.681,10.681,10.681,10.681,10.681,10.681,10.681,10.681
10.701,10.701,10.701,10.701,10.701,10.701,10.701,10.701,10.701,10.701
10.721,10.721,10.721,10.721,10.721,10.721,10.721,10.721,10.721,10.721
10.741,10.741,10.741,10.741,10.741,10.741,10.741,10.741,10.741,10.741
10.762,10.762,10.762,10.762,10.762,10.762,10.762,10.762,10.762,10.762
10.782,10.782,10.782,10.782,10.782,10.782,10.782,10.782,10.782,10.782
10.802,10.802,10.802,10.802,10.802,10.802,10.802,10.802,10.802,10.802
10.822,10.822,10.822,10.822,10.822,10.822,10.822,10.822,10.822,10.822
10.842,10.842,10.842,10.842,10.842,10.842,10.842,10.842,10.842,10.842
10.862,10.862,10.862,10.862,10.862,10.862,10.862,10.862,10.862,10.862
10.882,10.882,10.882,10.882,10.882,10.882,10.882,10.882,10.882,10.882
10.902,10.902,10.902,10.902,10.902,10.902,10.902,10.902,10.902,10.902
10.922,10.922,10.922,10.922,10.922,10.922,10.922,10.922,10.922,10.922
10.942,10.942,10.942,10.942,10.942,10.942,10.942,10.942,10.942,10.942
10.962,10.962,10.962,10.962,10.962,10.962,10.962,10.962,10.962,10.962
10.982,10.982,10.982,10.982,10.982,10.982,10.982,10.982,10.982,10.982
11.002,11.002,11.002,11.002,11.002,11.002,11.002,11.002,11.002,11.002
11.022,11.022,11.022,11.022,11.022,11.022,11.022,11.022,11.022,11.022
11.042,11.042,11.042,11.042,11.042,11.042,11.042,11.042,11.042,11.042
11.062,11.062,11.062,11.062,11.062,11.062,11.062,11.062,11.062,11.062
11.082,11.082,11.082,11.082,11.082,11.082,11.082,11.082,11.082,11.082
11.102,11.102,11.102,11.102,11.102,11.102,11.102,11.102,11.102,11.102
11.122,11.122,11.122,11.122,11.122,11.122,11.122,11.122,11.122,11.122
11.142,11.142,11.142,11.142,11.142,11.142,11.142,11.142,11.142,11.142
11.162,11.162,11.162,11.162,11.162,11.162,11.162,11.162,11.162,11.162
11.182,11.182,11.182,11.182,11.182,11.182,11.182,11.182,11.182,11.182
11.202,11.202,11.202,11.202,11.202,11.202,11.202,11.202,11.202,11.202
11.222,11.222,11.222,11.222,11.222,11.222,11.222,11.222,11.222,11.222
11.242,11.242,11.242,11.242,11.242,11.242,11.242,11.242,11.242,11.242
11.263,11.263,11.263,11.263,11.263,11.263,11.263,11.263,11.263,11.263
11.283,11.283,11.283,11.283,11.283,11.283,11.283,11.283,11.283,11.283
11.303,11.303,11.303,11.303,11.303,11.303,11.303,11.303,11.303,11.303
11.323,11.323,11.323,11.323,11.323,11.323,11.323,11.323,11.323,11.323
11.343,11.343,11.343,11.343,11.343,11.343,11.343,11.343,11.343,11.343
11.363,11.363,11.363,11.363,11.363,11.363,11.363,11.363,11.363,11.363
11.383,11.383,11.383,11.383,11.383,11.383,11.383,11.383,11.383,11.383
11.403,11.403,11.403,11.403,11.403,11.403,11.403,11.403,11.403,11.403
11.423,11.423,11.423,11.423,11.423,11.423,11.423,11.423,11.423,11.423
11.443,11.443,11.443,11.443,11.443,11.443,11.443,11.443,11.443,11.443
11.463,11.463,11.463,11.463,11.463,11.463,11.463,11.463,11.463,11.463
11.483,11.483,11.483,11.483,11.483,11.483,11.483,11.483,11.483,11.483
11.503,11.503,11.503,11.503,11.503,11.503,11.503,11.503,11.503,11.503
11.523,11.523,11.523,11.523,11.523,11.523,11.523,11.523,11.523,11.523
11.543,11.543,11.543,11.543,11.543,11.543,11.543,11.543,11.543,11.543
11.563,11.563,11.563,11.563,11.563,11.563,11.563,11.563,11.563,11.563
11.583,11.583,11.583,11.583,11.583,11.583,11.583,11.583,11.583,11.583
11.603,11.603,11.603,11.603,11.603,11.603,11.603,11.603,11.603,11.603
11.623,11.623,11.623,11.623,11.623,11.623,11.623,11.623,11.623,11.623
11.643,11.643,11.643,11.643,11.643,11.643,11.643,11.643,11.643,11.643
11.663,11.663,11.663,11.663,11.663,11.663,11.663,11.663,11.663,11.663
11.683,11.683,11.683,11.683,11.683,11.683,11.683,11.683,11.683,11.683
11.703,11.703,11.703,11.703,11.703,11.703,11.703,11.703,11.703,11.703
11.723,11.723,11.723,11.723,11.723,11.723,11.723,11.723,11.723,11.723
11.743,11.743,11.743,11.743,11.743,11.743,11.743,11.743,11.743,11.743
11.764,11.764,11.764,11.764,11.764,11.764,11.764,11.764,11.764,11.764
11.784,11.784,11.784,11.784,11.784,11.784,11.784,11.784,11.784,11.784
11.804,11.804,11.804,11.804,11.804,11.804,11.804,11.804,11.804,11.804
11.824,11.824,11.824,11.824,11.824,11.824,11.824,11.824,11.824,11.824
11.844,11.844,11.844,11.844,11.844,11.844,11.844,11.844,11.844,11.844
11.864,11.864,11.864,11.864,11.864,11.864,11.864,11.864,11.864,11.864
11.884,11.884,11.884,11.884,11.884,11.884,11.884,11.884,11.884,11.884
11.904,11.904,11.904,11.904,11.904,11.904,11.904,11.904,11.904,11.904
11.924,11.924,11.924,11.924,11.924,11.924,11.924,11.924,11.924,11.924
11.944,11.944,11.944,11.944,11.944,11.944,11.944,11.944,11.944,11.944
11.964,11.964,11.964,11.964,11.964,11.964,11.964,11.964,11.964,11.964
11.984,11.984,11.984,11.984,11.984,11.984,11.984,11.984,11.984,11.984
12.004,12.004,12.004,12.004,12.004,12.004,12.004,12.004,12.004,12.004
12.024,12.024,12.024,12.024,12.024,12.024,12.024,12.024,12.024,12.024
12.044,12.044,12.044,12.044,12.044,12.044,12.044,12.044,12.044,12.044
12.064,12.064,12.064,12.064,12.064,12.064,12.064,12.064,12.064,12.064
12.084,12.084,12.084,12.084,12.084,12.084,12.084,12.084,12.084,12.084
12.104,12.104,12.104,12.104,12.104,12.104,12.104,12.104,12.104,12.104
12.124,12.124,12.124,12.124,12.124,12.124,12.124,12.124,12.124,12.124
12.144,12.144,12.144,12.144,12.144,12.144,12.144,12.144,12.144,12.144
12.164,12.164,12.164,12.164,12.164,12.164,12.164,12.164,12.164,12.164
12.184,12.184,12.184,12.184,12.184,12.184,12.184,12.184,12.184,12.184
12.204,12.204,12.204,12.204,12.204,12.204,12.204,12.204,12.204,12.204
12.224,12.224,12.224,12.224,12.224,12.224,12.224,12.224,12.224,12.224
12.244,12.244,12.244,12.244,12.244,12.244,12.244,12.244,12.244,12.244
12.265,12.265,12.265,12.265,12.265,12.265,12.265,12.265,12.265,12.265
12.285,12.285,12.285,12.285,12.285,12.285,12.285,12.285,12.285,12.285
12.305,12.305,12.305,12.305,12.305,12.305,12.305,12.305,12.305,12.305
12.325,12.325,12.325,12.325,12.325,12.325,12.325,12.325,12.325,12.325
12.345,12.345,12.345,12.345,12.345,12.345,12.345,12.345,12.345,12.345
12.365,12.365,12.365,12.365,12.365,12.365,12.365,12.365,12.365,12.365
12.385,12.385,12.385,12.385,12.385,12.385,12.385,12.385,12.385,12.385
12.405,12.405,12.405,12.405,12.405,12.405,12.405,12.405,12.405,12.405
12.425,12.425,12.425,12.425,12.425,12.425,12.425,12.425,12.425,12.425
12.445,12.445,12.445,12.445,12.445,12.445,12.445,12.445,12.445,12.445
12.465,12.465,12.465,12.465,12.465,12.465,12.465,12.465,12.465,12.465
12.485,12.485,12.485,12.485,12.485,12.485,12.485,12.485,12.485,12.485
12.505,12.505,12.505,12.505,12.505,12.505,12.505,12.505,12.505,12.505
12.525,12.525,12.525,12.525,12.525,12.525,12.525,12.525,12.525,12.525
12.545,12.545,12.545,12.545,12.545,12.545,12.545,12.545,12.545,12.545
12.565,12.565,12.565,12.565,12.565,12.565,12.565,12.565,12.565,12.565
12.585,12.585,12.585,12.585,12.585,12.585,12.585,12.585,12.585,12.585
12.605,12.605,12.605,12.605,12.605,12.605,12.605,12.605,12.605,12.605
12.625,12.625,12.625,12.625,12.625,12.625,12.625,12.625,12.625,12.625
12.645,12.645,12.645,12.645,12.645,12.645,12.645,12.645,12.645,12.645
12.665,12.665,12.665,12.665,12.665,12.665,12.665,12.665,12.665,12.665
12.685,12.685,12.685,12.685,12.685,12.685,12.685,12.685,12.685,12.685
12.705,12.705,12.705,12.705,12.705,12.705,12.705,12.705,12.705,12.705
12.725,12.725,12.725,12.725,12.725,12.725,12.725,12.725,12.725,12.725
12.745,12.745,12.745,12.745,12.745,12.745,12.745,12.745,12.745,12.745
12.766,12.766,12.766,12.766,12.766,12.766,12.766,12.766,12.766,12.766
12.786,12.786,12.786,12.786,12.786,12.786,12.786,12.786,12.786,12.786
12.806,12.806,12.806,12.806,12.806,12.806,12.806,12.806,12.806,12.806
12.826,12.826,12.826,12.826,12.826,12.826,12.826,12.826,12.826,12.826
12.846,12.846,12.846,12.846,12.846,12.846,12.846,12.846,12.846,12.846
12.866,12.866,12.866,12.866,12.866,12.866,12.866,12.866,12.866,12.866
12.886,12.886,12.886,12.886,12.886,12.886,12.886,12.886,12.886,12.886
12.906,12.906,12.906,12.906,12.906,12.906,12.906,12.906,12.906,12.906
12.926,12.926,12.926,12.926,12.926,12.926,12.926,12.926,12.926,12.926
12.946,12.946,12.946,12.946,12.946,12.946,12.946,12.946,12.946,12.946
12.966,12.966,12.966,12.966,12.966,12.966,12.966,12.966,12.966,12.966
12.986,12.986,12.986,12.986,12.986,12.986,12.986,12.986,12.986,12.986
13.006,13.006,13.006,13.006,13.006,13.006,13.006,13.006,13.006,13.006
13.026,13.026,13.026,13.026,13.026,13.026,13.026,13.026,13.026,13.026
13.046,13.046,13.046,13.046,13.046,13.046,13.046,13.046,13.046,13.046
13.066,13.066,13.066,13.066,13.066,13.066,13.066,13.066,13.066,13.066
13.086,13.086,13.086,13.086,13.086,13.086,13.086,13.086,13.086,13.086
13.106,13.106,13.106,13.106,13.106,13.106,13.106,13.106,13.106,13.106
13.126,13.126,13.126,13.126,13.126,13.126,13.126,13.126,13.126,13.126
13.146,13.146,13.146,13.146,13.146,13.146,13.146,13.146,13.146,13.146
13.166,13.166,13.166,13.166,13.166,13.166,13.166,13.166,13.166,13.166
13.186,13.186,13.186,13.186,13.186,13.186,13.186,13.186,13.186,13.186
13.206,13.206,13.206,13.206,13.206,13.206,13.206,13.206,13.206,13.206
13.226,13.226,13.226,13.226,13.226,13.226,13.226,13.226,13.226,13.226
13.246,13.246,13.246,13.246,13.246,13.246,13.246,13.246,13.246,13.246
13.267,13.267,13.267,13.267,13.267,13.267,13.267,13.267,13.267,13.267
13.287,13.287,13.287,13.287,13.287,13.287,13.287,13.287,13.287,13.287
13.307,13.307,13.307,13.307,13.307,13.307,13.307,13.307,13.307,13.307
13.327,13.327,13.327,13.327,13.327,13.327,13.327,13.327,13.327,13.327
13.347,13.347,13.347,13.347,13.347,13.347,13.347,13.347,13.347,13.347
13.367,13.367,13.367,13.367,13.367,13.367,13.367,13.367,13.367,13.367
13.387,13.387,13.387,13.387,13.387,13.387,13.387,13.387,13.387,13.387
13.407,13.407,13.407,13.407,13.407,13.407,13.407,13.407,13.407,13.407
13.427,13.427,13.427,13.427,13.427,13.427,13.427,13.427,13.427,13.427
13.447,13.447,13.447,13.447,13.447,13.447,13.447,13.447,13.447,13.447
13.467,13.467,13.467,13.467,13.467,13.467,13.467,13.467,13.467,13.467
13.487,13.487,13.487,13.487,13.487,13.487,13.487,13.487,13.487,13.487
13.507,13.507,13.507,13.507,13.507,13.507,13.507,13.507,13.507,13.507
13.527,13.527,13.527,13.527,13.527,13.527,13.527,13.527,13.527,13.527
13.547,13.547,13.547,13.547,13.547,13.547,13.547,13.547,13.547,13.547
13.567,13.567,13.567,13.567,13.567,13.567,13.567,13.567,13.567,13.567
13.587,13.587,13.587,13.587,13.587,13.587,13.587,13.587,13.587,13.587
13.607,13.607,13.607,13.607,13.607,13.607,13.607,13.607,13.607,13.607
13.627,13.627,13.627,13.627,13.627,13.627,13.627,13.627,13.627,13.627
13.647,13.647,13.647,13.647,13.647,13.647,13.647,13.647,13.647,13.647
13.667,13.667,13.667,13.667,13.667,13.667,13.667,13.667,13.667,13.667
13.687,13.687,13.687,13.687,13.687,13.687,13.687,13.687,13.687,13.687
13.707,13.707,13.707,13.707,13.707,13.707,13.707,13.707,13.707,13.707
13.727,13.727,13.727,13.727,13.727,13.727,13.727,13.727,13.727,13.727
13.747,13.747,13.747,13.747,13.747,13.747,13.747,13.747,13.747,13.747
13.768,13.768,13.768,13.768,13.768,13.768,13.768,13.768,13.768,13.768
13.788,13.788,13.788,13.788,13.788,13.788,13.788,13.788,13.788,13.788
13.808,13.808,13.808,13.808,13.808,13.808,13.808,13.808,13.808,13.808
13.828,13.828,13.828,13.828,13.828,13.828,13.828,13.828,13.828,13.828
13.848,13.848,13.848,13.848,13.848,13.848,13.848,13.848,13.848,13.848
13.868,13.868,13.868,13.868,13.868,13.868,13.868,13.868,13.868,13.868
13.888,13.888,13.888,13.888,13.888,13.888,13.888,13.888,13.888,13.888
13.908,13.908,13.908,13.908,13.908,13.908,13.908,13.908,13.908,13.908
13.928,13.928,13.928,13.928,13.928,13.928,13.928,13.928,13.928,13.928
13.948,13.948,13.948,13.948,13.948,13.948,13.948,13.948,13.948,13.948
13.968,13.968,13.968,13.968,13.968,13.968,13.968,13.968,13.968,13.968
13.988,13.988,13.988,13.988,13.988,13.988,13.988,13.988,13.988,13.988
14.008,14.008,14.008,14.008,14.008,14.008,14.008,14.008,14.008,14.008
14.028,14.028,14.028,14.028,14.028,14.028,14.028,14.028,14.028,14.028
14.048,14.048,14.048,14.048,14.048,14.048,14.048,14.048,14.048,14.048
14.068,14.068,14.068,14.068,14.068,14.068,14.068,14.068,14.068,14.068
14.088,14.088,14.088,14.088,14.088,14.088,14.088,14.088,14.088,14.088
14.108,14.108,14.108,14.108,14.108,14.108,14.108,14.108,14.108,14.108
14.128,14.128,14.128,14.128,14.128,14.128,14.128,14.128,14.128,14.128
14.148,14.148,14.148,14.148,14.148,14.148,14.148,14.148,14.148,14.148
14.168,14.168,14.168,14.168,14.168,14.168,14.168,14.168,14.168,14.168
14.188,14.188,14.188,14.188,14.188,14.188,14.188,14.188,14.188,14.188
14.208,14.208,14.208,14.208,14.208,14.208,14.208,14.208,14.208,14.208
14.228,14.228,14.228,14.228,14.228,14.228,14.228,14.228,14.228,14.228
14.248,14.248,14.248,14.248,14.248,14.248,14.248,14.248,14.248,14.248
14.269,14.269,14.269,14.269,14.269,14.269,14.269,14.269,14.269,14.269
14.289,14.289,14.289,14.289,14.289,14.289,14.289,14.289,14.289,14.289
14.309,14.309,14.309,14.309,14.309,14.309,14.309,14.309,14.309,14.309
14.329,14.329,14.329,14.329,14.329,14.329,14.329,14.329,14.329,14.329
14.349,14.349,14.349,14.349,14.349,14.349,14.349,14.349,14.349,14.349
14.369,14.369,14.369,14.369,14.369,14.369,14.369,14.369,14.369,14.369
14.389,14.389,14.389,14.389,14.389,14.389,14.389,14.389,14.389,14.389
14.409,14.409,14.409,14.409,14.409,14.409,14.409,14.409,14.409,14.409
14.429,14.429,14.429,14.429,14.429,14.429,14.429,14.429,14.429,14.429
14.449,14.449,14.449,14.449,14.449,14.449,14.449,14.449,14.449,14.449
14.469,14.469,14.469,14.469,14.469,14.469,14.469,14.469,14.469,14.469
14.489,14.489,14.489,14.489,14.489,14.489,14.489,14.489,14.489,14.489
14.509,14.509,14.509,14.509,14.509,14.509,14.509,14.509,14.509,14.509
14.529,14.529,14.529,14.529,14.529,14.529,14.529,14.529,14.529,14.529
14.549,14.549,14.549,14.549,14.549,14.549,14.549,14.549,14.549,14.549
14.569,14.569,14.569,14.569,14.569,14.569,14.569,14.569,14.569,14.569
14.589,14.589,14.589,14.589,14.589,14.589,14.589,14.589,14.589,14.589
14.609,14.609,14.609,14.609,14.609,14.609,14.609,14.609,14.609,14.609
14.629,14.629,14.629,14.629,14.629,14.629,14.629,14.629,14.629,14.629
14.649,14.649,14.649,14.649,14.649,14.649,14.649,14.649,14.649,14.649
14.669,14.669,14.669,14.669,14.669,14.669,14.669,14.669,14.669,14.669
14.689,14.689,14.689,14.689,14.689,14.689,14.689,14.689,14.689,14.689
14.709,14.709,14.709,14.709,14.709,14.709,14.709,14.709,14.709,14.709
14.729,14.729,14.729,14.729,14.729,14.729,14.729,14.729,14.729,14.729
14.749,14.749,14.749,14.749,14.749,14.749,14.749,14.749,14.749,14.749
14.77,14.77,14.77,14.77,14.77,14.77,14.77,14.77,14.77,14.77
14.79,14.79,14.79,14.79,14.79,14.79,14.79,14.79,14.79,14.79
14.81,14.81,14.81,14.81,14.81,14.81,14.81,14.81,14.81,14.81
14.83,14.83,14.83,14.83,14.83,14.83,14.83,14.83,14.83,14.83
14.85,14.85,14.85,14.85,14.85,14.85,14.85,14.85,14.85,14.85
14.87,14.87,14.87,14.87,14.87,14.87,14.87,14.87,14.87,14.87
14.89,14.89,14.89,14.89,14.89,14.89,14.89,14.89,14.89,14.89
14.91,14.91,14.91,14.91,14.91,14.91,14.91,14.91,14.91,14.91
14.93,14.93,14.93,14.93,14.93,14.93,14.93,14.93,14.93,14.93
14.95,14.95,14.95,14.95,14.95,14.95,14.95,14.95,14.95,14.95
14.97,14.97,14.97,14.97,14.97,14.97,14.97,14.97,14.97,14.97
14.99,14.99,14.99,14.99,14.99,14.99,14.99,14.99,14.99,14.99
15.01,15.01,15.01,15.01,15.01,15.01,15.01,15.01,15.01,15.01
15.03,15.03,15.03,15.03,15.03,15.03,15.03,15.03,15.03,15.03
15.05,15.05,15.05,15.05,15.05,15.05,15.05,15.05,15.05,15.05
15.07,15.07,15.07,15.07,15.07,15.07,15.07,15.07,15.07,15.07
15.09,15.09,15.09,15.09,15.09,15.09,15.09,15.09,15.09,15.09
15.11,15.11,15.11,15.11,15.11,15.11,15.11,15.11,15.11,15.11
15.13,15.13,15.13,15.13,15.13,15.13,15.13,15.13,15.13,15.13
15.15,15.15,15.15,15.15,15.15,15.15,15.15,15.15,15.15,15.15
15.17,15.17,15.17,15.17,15.17,15.17,15.17,15.17,15.17,15.17
15.19,15.19,15.19,15.19,15.19,15.19,15.19,15.19,15.19,15.19
15.21,15.21,15.21,15.21,15.21,15.21,15.21,15.21,15.21,15.21
15.23,15.23,15.23,15.23,15.23,15.23,15.23,15.23,15.23,15.23
15.251,15.251,15.251,15.251,15.251,15.251,15.251,15.251,15.251,15.251
15.271,15.271,15.271,15.271,15.271,15.271,15.271,15.271,15.271,15.271
15.291,15.291,15.291,15.291,15.291,15.291,15.291,15.291,15.291,15.291
15.311,15.311,15.311,15.311,15.311,15.311,15.311,15.311,15.311,15.311
15.331,15.331,15.331,15.331,15.331,15.331,15.331,15.331,15.331,15.331
15.351,15.351,15.351,15.351,15.351,15.351,15.351,15.351,15.351,15.351
15.371,15.371,15.371,15.371,15.371,15.371,15.371,15.371,15.371,15.371
15.391,15.391,15.391,15.391,15.391,15.391,15.391,15.391,15.391,15.391
15.411,15.411,15.411,15.411,15.411,15.411,15.411,15.411,15.411,15.411
15.431,15.431,15.431,15.431,15.431,15.431,15.431,15.431,15.431,15.431
15.451,15.451,15.451,15.451,15.451,15.451,15.451,15.451,15.451,15.451
15.471,15.471,15.471,15.471,15.471,15.471,15.471,15.471,15.471,15.471
15.491,15.491,15.491,15.491,15.491,15.491,15.491,15.491,15.491,15.491
15.511,15.511,15.511,15.511,15.511,15.511,15.511,15.511,15.511,15.511
15.531,15.531,15.531,15.531,15.531,15.531,15.531,15.531,15.531,15.531
15.551,15.551,15.551,15.551,15.551,15.551,15.551,15.551,15.551,15.551
15.571,15.571,15.571,15.571,15.571,15.571,15.571,15.571,15.571,15.571
15.591,15.591,15.591,15.591,15.591,15.591,15.591,15.591,15.591,15.591
15.611,15.611,15.611,15.611,15.611,15.611,15.611,15.611,15.611,15.611
15.631,15.631,15.631,15.631,15.631,15.631,15.631,15.631,15.631,15.631
15.651,15.651,15.651,15.651,15.651,15.651,15.651,15.651,15.651,15.651
15.671,15.671,15.671,15.671,15.671,15.671,15.671,15.671,15.671,15.671
15.691,15.691,15.691,15.691,15.691,15.691,15.691,15.691,15.691,15.691
15.711,15.711,15.711,15.711,15.711,15.711,15.711,15.711,15.711,15.711
15.731,15.731,15.731,15.731,15.731,15.731,15.731,15.731,15.731,15.731
15.752,15.752,15.752,15.752,15.752,15.752,15.752,15.752,15.752,15.752
15.772,15.772,15.772,15.772,15.772,15.772,15.772,15.772,15.772,15.772
15.792,15.792,15.792,15.792,15.792,15.792,15.792,15.792,15.792,15.792
15.812,15.812,15.812,15.812,15.812,15.812,15.812,15.812,15.812,15.812
15.832,15.832,15.832,15.832,15.832,15.832,15.832,15.832,15.832,15.832
15.852,15.852,15.852,15.852,15.852,15.852,15.852,15.852,15.852,15.852
15.872,15.872,15.872,15.872,15.872,15.872,15.872,15.872,15.872,15.872
15.892,15.892,15.892,15.892,15.892,15.892,15.892,15.892,15.892,15.892
15.912,15.912,15.912,15.912,15.912,15.912,15.912,15.912,15.912,15.912
15.932,15.932,15.932,15.932,15.932,15.932,15.932,15.932,15.932,15.932
15.952,15.952,15.952,15.952,15.952,15.952,15.952,15.952,15.952,15.952
15.972,15.972,15.972,15.972,15.972,15.972,15.972,15.972,15.972,15.972
15.992,15.992,15.992,15.992,15.992,15.992,15.992,15.992,15.992,15.992
16.012,16.012,16.012,16.012,16.012,16.012,16.012,16.012,16.012,16.012
16.032,16.032,16.032,16.032,16.032,16.032,16.032,16.032,16.032,16.032
16.052,16.052,16.052,16.052,16.052,16.052,16.052,16.052,16.052,16.052
16.072,16.072,16.072,16.072,16.072,16.072,16.072,16.072,16.072,16.072
16.092,16.092,16.092,16.092,16.092,16.092,16.092,16.092,16.092,16.092
16.112,16.112,16.112,16.112,16.112,16.112,16.112,16.112,16.112,16.112
16.132,16.132,16.132,16.132,16.132,16.132,16.132,16.132,16.132,16.132
16.152,16.152,16.152,16.152,16.152,16.152,16.152,16.152,16.152,16.152
16.172,16.172,16.172,16.172,16.172,16.172,16.172,16.172,16.172,16.172
16.192,16.192,16.192,16.192,16.192,16.192,16.192,16.192,16.192,16.192
16.212,16.212,16.212,16.212,16.212,16.212,16.212,16.212,16.212,16.212
16.232,16.232,16.232,16.232,16.232,16.232,16.232,16.232,16.232,16.232
16.253,16.253,16.253,16.253,16.253,16.253,16.253,16.253,16.253,16.253
16.273,16.273,16.273,16.273,16.273,16.273,16.273,16.273,16.273,16.273
16.293,16.293,16.293,16.293,16.293,16.293,16.293,16.293,16.293,16.293
16.313,16.313,16.313,16.313,16.313,16.313,16.313,16.313,16.313,16.313
16.333,16.333,16.333,16.333,16.333,16.333,16.333,16.333,16.333,16.333
16.353,16.353,16.353,16.353,16.353,16.353,16.353,16.353,16.353,16.353
16.373,16.373,16.373,16.373,16.373,16.373,16.373,16.373,16.373,16.373
16.393,16.393,16.393,16.393,16.393,16.393,16.393,16.393,16.393,16.393
16.413,16.413,16.413,16.413,16.413,16.413,16.413,16.413,16.413,16.413
16.433,16.433,16.433,16.433,16.433,16.433,16.433,16.433,16.433,16.433
16.453,16.453,16.453,16.453,16.453,16.453,16.453,16.453,16.453,16.453
16.473,16.473,16.473,16.473,16.473,16.473,16.473,16.473,16.473,16.473
16.493,16.493,16.493,16.493,16.493,16.493,16.493,16.493,16.493,16.493
16.513,16.513,16.513,16.513,16.513,16.513,16.513,16.513,16.513,16.513
16.533,16.533,16.533,16.533,16.533,16.533,16.533,16.533,16.533,16.533
16.553,16.553,16.553,16.553,16.553,16.553,16.553,16.553,16.553,16.553
16.573,16.573,16.573,16.573,16.573,16.573,16.573,16.573,16.573,16.573
16.593,16.593,16.593,16.593,16.593,16.593,16.593,16.593,16.593,16.593
16.613,16.613,16.613,16.613,16.613,16.613,16.613,16.613,16.613,16.613
16.633,16.633,16.633,16.633,16.633,16.633,16.633,16.633,16.633,16.633
16.653,16.653,16.653,16.653,16.653,16.653,16.653,16.653,16.653,16.653
16.673,16.673,16.673,16.673,16.673,16.673,16.673,16.673,16.673,16.673
16.693,16.693,16.693,16.693,16.693,16.693,16.693,16.693,16.693,16.693
16.713,16.713,16.713,16.713,16.713,16.713,16.713,16.713,16.713,16.713
16.733,16.733,16.733,16.733,16.733,16.733,16.733,16.733,16.733,16.733
16.754,16.754,16.754,16.754,16.754,16.754,16.754,16.754,16.754,16.754
16.774,16.774,16.774,16.774,16.774,16.774,16.774,16.774,16.774,16.774
16.794,16.794,16.794,16.794,16.794,16.794,16.794,16.794,16.794,16.794
16.814,16.814,16.814,16.814,16.814,16.814,16.814,16.814,16.814,16.814
16.834,16.834,16.834,16.834,16.834,16.834,16.834,16.834,16.834,16.834
16.854,16.854,16.854,16.854,16.854,16.854,16.854,16.854,16.854,16.854
16.874,16.874,16.874,16.874,16.874,16.874,16.874,16.874,16.874,16.874
16.894,16.894,16.894,16.894,16.894,16.894,16.894,16.894,16.894,16.894
16.914,16.914,16.914,16.914,16.914,16.914,16.914,16.914,16.914,16.914
16.934,16.934,16.934,16.934,16.934,16.934,16.934,16.934,16.934,16.934
16.954,16.954,16.954,16.954,16.954,16.954,16.954,16.954,16.954,16.954
16.974,16.974,16.974,16.974,16.974,16.974,16.974,16.974,16.974,16.974
16.994,16.994,16.994,16.994,16.994,16.994,16.994,16.994,16.994,16.994
17.014,17.014,17.014,17.014,17.014,17.014,17.014,17.014,17.014,17.014
17.034,17.034,17.034,17.034,17.034,17.034,17.034,17.034,17.034,17.034
17.054,17.054,17.054,17.054,17.054,17.054,17.054,17.054,17.054,17.054
17.074,17.074,17.074,17.074,17.074,17.074,17.074,17.074,17.074,17.074
17.094,17.094,17.094,17.094,17.094,17.094,17.094,17.094,17.094,17.094
17.114,17.114,17.114,17.114,17.114,17.114,17.114,17.114,17.114,17.114
17.134,17.134,17.134,17.134,17.134,17.134,17.134,17.134,17.134,17.134
17.154,17.154,17.154,17.154,17.154,17.154,17.154,17.154,17.154,17.154
17.174,17.174,17.174,17.174,17.174,17.174,17.174,17.174,17.174,17.174
17.194,17.194,17.194,17.194,17.194,17.194,17.194,17.194,17.194,17.194
17.214,17.214,17.214,17.214,17.214,17.214,17.214,17.214,17.214,17.214
17.234,17.234,17.234,17.234,17.234,17.234,17.234,17.234,17.234,17.234
17.255,17.255,17.255,17.255,17.255,17.255,17.255,17.255,17.255,17.255
17.275,17.275,17.275,17.275,17.275,17.275,17.275,17.275,17.275,17.275
17.295,17.295,17.295,17.295,17.295,17.295,17.295,17.295,17.295,17.295
17.315,17.315,17.315,17.315,17.315,17.315,17.315,17.315,17.315,17.315
17.335,17.335,17.335,17.335,17.335,17.335,17.335,17.335,17.335,17.335
17.355,17.355,17.355,17.355,17.355,17.355,17.355,17.355,17.355,17.355
17.375,17.375,17.375,17.375,17.375,17.375,17.375,17.375,17.375,17.375
17.395,17.395,17.395,17.395,17.395,17.395,17.395,17.395,17.395,17.395
17.415,17.415,17.415,17.415,17.415,17.415,17.415,17.415,17.415,17.415
17.435,17.435,17.435,17.435,17.435,17.435,17.435,17.435,17.435,17.435
17.455,17.455,17.455,17.455,17.455,17.455,17.455,17.455,17.455,17.455
17.475,17.475,17.475,17.475,17.475,17.475,17.475,17.475,17.475,17.475
17.495,17.495,17.495,17.495,17.495,17.495,17.495,17.495,17.495,17.495
17.515,17.515,17.515,17.515,17.515,17.515,17.515,17.515,17.515,17.515
17.535,17.535,17.535,17.535,17.535,17.535,17.535,17.535,17.535,17.535
17.555,17.555,17.555,17.555,17.555,17.555,17.555,17.555,17.555,17.555
17.575,17.575,17.575,17.575,17.575,17.575,17.575,17.575,17.575,17.575
17.595,17.595,17.595,17.595,17.595,17.595,17.595,17.595,17.595,17.595
17.615,17.615,17.615,17.615,17.615,17.615,17.615,17.615,17.615,17.615
17.635,17.635,17.635,17.635,17.635,17.635,17.635,17.635,17.635,17.635
17.655,17.655,17.655,17.655,17.655,17.655,17.655,17.655,17.655,17.655
17.675,17.675,17.675,17.675,17.675,17.675,17.675,17.675,17.675,17.675
17.695,17.695,17.695,17.695,17.695,17.695,17.695,17.695,17.695,17.695
17.715,17.715,17.715,17.715,17.715,17.715,17.715,17.715,17.715,17.715
17.735,17.735,17.735,17.735,17.735,17.735,17.735,17.735,17.735,17.735
17.756,17.756,17.756,17.756,17.756,17.756,17.756,17.756,17.756,17.756
17.776,17.776,17.776,17.776,17.776,17.776,17.776,17.776,17.776,17.776
17.796,17.796,17.796,17.796,17.796,17.796,17.796,17.796,17.796,17.796
17.816,17.816,17.816,17.816,17.816,17.816,17.816,17.816,17.816,17.816
17.836,17.836,17.836,17.836,17.836,17.836,17.836,17.836,17.836,17.836
17.856,17.856,17.856,17.856,17.856,17.856,17.856,17.856,17.856,17.856
17.876,17.876,17.876,17.876,17.876,17.876,17.876,17.876,17.876,17.876
17.896,17.896,17.896,17.896,17.896,17.896,17.896,17.896,17.896,17.896
17.916,17.916,17.916,17.916,17.916,17.916,17.916,17.916,17.916,17.916
17.936,17.936,17.936,17.936,17.936,17.936,17.936,17.936,17.936,17.936
17.956,17.956,17.956,17.956,17.956,17.956,17.956,17.956,17.956,17.956
17.976,17.976,17.976,17.976,17.976,17.976,17.976,17.976,17.976,17.976
17.996,17.996,17.996,17.996,17.996,17.996,17.996,17.996,17.996,17.996
18.016,18.016,18.016,18.016,18.016,18.016,18.016,18.016,18.016,18.016
18.036,18.036,18.036,18.036,18.036,18.036,18.036,18.036,18.036,18.036
18.056,18.056,18.056,18.056,18.056,18.056,18.056,18.056,18.056,18.056
18.076,18.076,18.076,18.076,18.076,18.076,18.076,18.076,18.076,18.076
18.096,18.096,18.096,18.096,18.096,18.096,18.096,18.096,18.096,18.096
18.116,18.116,18.116,18.116,18.116,18.116,18.116,18.116,18.116,18.116
18.136,18.136,18.136,18.136,18.136,18.136,18.136,18.136,18.136,18.136
18.156,18.156,18.156,18.156,18.156,18.156,18.156,18.156,18.156,18.156
18.176,18.176,18.176,18.176,18.176,18.176,18.176,18.176,18.176,18.176
18.196,18.196,18.196,18.196,18.196,18.196,18.196,18.196,18.196,18.196
18.216,18.216,18.216,18.216,18.216,18.216,18.216,18.216,18.216,18.216
18.236,18.236,18.236,18.236,18.236,18.236,18.236,18.236,18.236,18.236
18.257,18.257,18.257,18.257,18.257,18.257,18.257,18.257,18.257,18.257
18.277,18.277,18.277,18.277,18.277,18.277,18.277,18.277,18.277,18.277
18.297,18.297,18.297,18.297,18.297,18.297,18.297,18.297,18.297,18.297
18.317,18.317,18.317,18.317,18.317,18.317,18.317,18.317,18.317,18.317
18.337,18.337,18.337,18.337,18.337,18.337,18.337,18.337,18.337,18.337
18.357,18.357,18.357,18.357,18.357,18.357,18.357,18.357,18.357,18.357
18.377,18.377,18.377,18.377,18.377,18.377,18.377,18.377,18.377,18.377
18.397,18.397,18.397,18.397,18.397,18.397,18.397,18.397,18.397,18.397
18.417,18.417,18.417,18.417,18.417,18.417,18.417,18.417,18.417,18.417
18.437,18.437,18.437,18.437,18.437,18.437,18.437,18.437,18.437,18.437
18.457,18.457,18.457,18.457,18.457,18.457,18.457,18.457,18.457,18.457
18.477,18.477,18.477,18.477,18.477,18.477,18.477,18.477,18.477,18.477
18.497,18.497,18.497,18.497,18.497,18.497,18.497,18.497,18.497,18.497
18.517,18.517,18.517,18.517,18.517,18.517,18.517,18.517,18.517,18.517
18.537,18.537,18.537,18.537,18.537,18.537,18.537,18.537,18.537,18.537
18.557,18.557,18.557,18.557,18.557,18.557,18.557,18.557,18.557,18.557
18.577,18.577,18.577,18.577,18.577,18.577,18.577,18.577,18.577,18.577
18.597,18.597,18.597,18.597,18.597,18.597,18.597,18.597,18.597,18.597
18.617,18.617,18.617,18.617,18.617,18.617,18.617,18.617,18.617,18.617
18.637,18.637,18.637,18.637,18.637,18.637,18.637,18.637,18.637,18.637
18.657,18.657,18.657,18.657,18.657,18.657,18.657,18.657,18.657,18.657
18.677,18.677,18.677,18.677,18.677,18.677,18.677,18.677,18.677,18.677
18.697,18.697,18.697,18.697,18.697,18.697,18.697,18.697,18.697,18.697
18.717,18.717,18.717,18.717,18.717,18.717,18.717,18.717,18.717,18.717
18.737,18.737,18.737,18.737,18.737,18.737,18.737,18.737,18.737,18.737
18.758,18.758,18.758,18.758,18.758,18.758,18.758,18.758,18.758,18.758
18.778,18.778,18.778,18.778,18.778,18.778,18.778,18.778,18.778,18.778
18.798,18.798,18.798,18.798,18.798,18.798,18.798,18.798,18.798,18.798
18.818,18.818,18.818,18.818,18.818,18.818,18.818,18.818,18.818,18.818
18.838,18.838,18.838,18.838,18.838,18.838,18.838,18.838,18.838,18.838
18.858,18.858,18.858,18.858,18.858,18.858,18.858,18.858,18.858,18.858
18.878,18.878,18.878,18.878,18.878,18.878,18.878,18.878,18.878,18.878
18.898,18.898,18.898,18.898,18.898,18.898,18.898,18.898,18.898,18.898
18.918,18.918,18.918,18.918,18.918,18.918,18.918,18.918,18.918,18.918
18.938,18.938,18.938,18.938,18.938,18.938,18.938,18.938,18.938,18.938
18.958,18.958,18.958,18.958,18.958,18.958,18.958,18.958,18.958,18.958
18.978,18.978,18.978,18.978,18.978,18.978,18.978,18.978,18.978,18.978
18.998,18.998,18.998,18.998,18.998,18.998,18.998,18.998,18.998,18.998
19.018,19.018,19.018,19.018,19.018,19.018,19.018,19.018,19.018,19.018
19.038,19.038,19.038,19.038,19.038,19.038,19.038,19.038,19.038,19.038
19.058,19.058,19.058,19.058,19.058,19.058,19.058,19.058,19.058,19.058
19.078,19.078,19.078,19.078,19.078,19.078,19.078,19.078,19.078,19.078
19.098,19.098,19.098,19.098,19.098,19.098,19.098,19.098,19.098,19.098
19.118,19.118,19.118,19.118,19.118,19.118,19.118,19.118,19.118,19.118
19.138,19.138,19.138,19.138,19.138,19.138,19.138,19.138,19.138,19.138
19.158,19.158,19.158,19.158,19.158,19.158,19.158,19.158,19.158,19.158
19.178,19.178,19.178,19.178,19.178,19.178,19.178,19.178,19.178,19.178
19.198,19.198,19.198,19.198,19.198,19.198,19.198,19.198,19.198,19.198
19.218,19.218,19.218,19.218,19.218,19.218,19.218,19.218,19.218,19.218
19.238,19.238,19.238,19.238,19.238,19.238,19.238,19.238,19.238,19.238
19.259,19.259,19.259,19.259,19.259,19.259,19.259,19.259,19.259,19.259
19.279,19.279,19.279,19.279,19.279,19.279,19.279,19.279,19.279,19.279
19.299,19.299,19.299,19.299,19.299,19.299,19.299,19.299,19.299,19.299
19.319,19.319,19.319,19.319,19.319,19.319,19.319,19.319,19.319,19.319
19.339,19.339,19.339,19.339,19.339,19.339,19.339,19.339,19.339,19.339
19.359,19.359,19.359,19.359,19.359,19.359,19.359,19.359,19.359,19.359
19.379,19.379,19.379,19.379,19.379,19.379,19.379,19.379,19.379,19.379
19.399,19.399,19.399,19.399,19.399,19.399,19.399,19.399,19.399,19.399
19.419,19.419,19.419,19.419,19.419,19.419,19.419,19.419,19.419,19.419
19.439,19.439,19.439,19.439,19.439,19.439,19.439,19.439,19.439,19.439
19.459,19.459,19.459,19.459,19.459,19.459,19.459,19.459,19.459,19.459
19.479,19.479,19.479,19.479,19.479,19.479,19.479,19.479,19.479,19.479
19.499,19.499,19.499,19.499,19.499,19.499,19.499,19.499,19.499,19.499
19.519,19.519,19.519,19.519,19.519,19.519,19.519,19.519,19.519,19.519
19.539,19.539,19.539,19.539,19.539,19.539,19.539,19.539,19.539,19.539
19.559,19.559,19.559,19.559,19.559,19.559,19.559,19.559,19.559,19.559
19.579,19.579,19.579,19.579,19.579,19.579,19.579,19.579,19.579,19.579
19.599,19.599,19.599,19.599,19.599,19.599,19.599,19.599,19.599,19.599
19.619,19.619,19.619,19.619,19.619,19.619,19.619,19.619,19.619,19.619
19.639,19.639,19.639,19.639,19.639,19.639,19.639,19.639,19.639,19.639
19.659,19.659,19.659,19.659,19.659,19.659,19.659,19.659,19.659,19.659
19.679,19.679,19.679,19.679,19.679,19.679,19.679,19.679,19.679,19.679
19.699,19.699,19.699,19.699,19.699,19.699,19.699,19.699,19.699,19.699
19.719,19.719,19.719,19.719,19.719,19.719,19.719,19.719,19.719,19.719
19.739,19.739,19.739,19.739,19.739,19.739,19.739,19.739,19.739,19.739
19.76,19.76,19.76,19.76,19.76,19.76,19.76,19.76,19.76,19.76
19.78,19.78,19.78,19.78,19.78,19.78,19.78,19.78,19.78,19.78
19.8,19.8,19.8,19.8,19.8,19.8,19.8,19.8,19.8,19.8
19.82,19.82,19.82,19.82,19.82,19.82,19.82,19.82,19.82,19.82
19.84,19.84,19.84,19.84,19.84,19.84,19.84,19.84,19.84,19.84
19.86,19.86,19.86,19.86,19.86,19.86,19.86,19.86,19.86,19.86
19.88,19.88,19.88,19.88,19.88,19.88,19.88,19.88,19.88,19.88
19.9,19.9,19.9,19.9,19.9,19.9,19.9,19.9,19.9,19.9
19.92,19.92,19.92,19.92,19.92,19.92,19.92,19.92,19.92,19.92
19.94,19.94,19.94,19.94,19.94,19.94,19.94,19.94,19.94,19.94
19.96,19.96,19.96,19.96,19.96,19.96,19.96,19.96,19.96,19.96
19.98,19.98,19.98,19.98,19.98,19.98,19.98,19.98,19.98,19.98
20,20,20,20,20,20,20,20,20,20
