4,0,22.5,-45,-22.5,0,0,0,-22.5,45,22.5,0,0,-4,0,0,0,-4,0,4,-5,0,0,6,0,0,0,0,,0,-4,7,2,-1,-4,0,4,-8,0,0,4,-4,4,-3,0,0,2,,,,0.1529051988
4,-0.61259,22.5,-45,-22.5,-0.61259,0,0,-22.5,45,22.5,-0.61259,0,-4,0,0,0,-4,0,4,-5,0,0,6,0,0,0,0,,0,-4,7,2,-1,-4,0,4,-8,0,0,4,-4,4,-3,0,0,2,,,,0.1529051988
4,-1.2227,22.5,-45,-22.5,-1.2227,0,0,-22.5,45,22.5,-1.2227,0,-4,0,0,0,-4,0,4,-5,0,0,6,0,0,0,0,,0,-4,7,2,-1,-4,0,4,-8,0,0,4,-4,4,-3,0,0,2,,,,0.1529051988
4,-1.8277,22.5,-45,-22.5,-1.8277,0,0,-22.5,45,22.5,-1.8277,0,-4,0,0,0,-4,0,4,-5,0,0,6,0,0,0,0,,0,-4,7,2,-1,-4,0,4,-8,0,0,4,-4,4,-3,0,0,2,,,,0.1529051988
4,-2.4252,22.5,-45,-22.5,-2.4252,0,0,-22.5,45,22.5,-2.4252,0,-4,0,0,0,-4,0,4,-5,0,0,6,0,0,0,0,,0,-4,7,2,-1,-4,0,4,-8,0,0,4,-4,4,-3,0,0,2,,,,0.1529051988
4,-3.0128,22.5,-45,-22.5,-3.0128,0,0,-22.5,45,22.5,-3.0128,0,-4,0,0,0,-4,0,4,-5,0,0,6,0,0,0,0,,0,-4,7,2,-1,-4,0,4,-8,0,0,4,-4,4,-3,0,0,2,,,,0.1529051988
4,-3.588,22.5,-45,-22.5,-3.588,0,0,-22.5,45,22.5,-3.588,0,-4,0,0,0,-4,0,4,-5,0,0,6,0,0,0,0,,0,-4,7,2,-1,-4,0,4,-8,0,0,4,-4,4,-3,0,0,2,,,,0.1529051988
4,-4.1484,22.5,-45,-22.5,-4.1484,0,0,-22.5,45,22.5,-4.1484,0,-4,0,0,0,-4,0,4,-5,0,0,6,0,0,0,0,,0,-4,7,2,-1,-4,0,4,-8,0,0,4,-4,4,-3,0,0,2,,,,0.7645259939
4,-4.6918,22.5,-45,-22.5,-4.6918,0,0,-22.5,45,22.5,-4.6918,0,-4,0,0,0,-4,0,4,-5,0,0,6,0,0,0,0,,0,-4,7,2,-1,-4,0,4,-8,0,0,4,-4,4,-3,0,0,2,,,,-5.3516819572
4,-5.216,22.5,-45,-22.5,-5.216,0,0,-22.5,45,22.5,-5.216,0,-4,0,0,0,-4,0,4,-5,0,0,6,0,0,0,0,,0,-4,7,2,-1,-4,0,4,-8,0,0,4,-4,4,-3,0,0,2,,,,0.1529051988
4,-5.7187,22.5,-45,-22.5,-5.7187,0,0,-22.5,45,22.5,-5.7187,0,-4,0,0,0,-4,0,4,-5,0,0,6,0,0,0,0,,0,-4,7,2,-1,-4,0,4,-8,0,0,4,-4,4,-3,0,0,2,,,,0.1529051988
4,-6.1978,22.5,-45,-22.5,-6.1978,0,0,-22.5,45,22.5,-6.1978,0,-4,0,0,0,-4,0,4,-5,0,0,6,0,0,0,0,,0,-4,7,2,-1,-4,0,4,-8,0,0,4,-4,4,-3,0,0,2,,,,2.2935779817
4,-6.6516,22.5,-45,-22.5,-6.6516,0,0,-22.5,45,22.5,-6.6516,0,-4,0,0,0,-4,0,4,-5,0,0,6,0,0,0,0,,0,-4,7,2,-1,-4,0,4,-8,0,0,4,-4,4,-3,0,0,2,,,,
4,-7.0779,22.5,-45,-22.5,-7.0779,0,0,-22.5,45,22.5,-7.0779,0,-4,0,0,0,-4,0,4,-5,0,0,6,0,0,0,0,,0,-4,7,2,-1,-4,0,4,-8,0,0,4,-4,4,-3,0,0,2,,,,
4,-7.4752,22.5,-45,-22.5,-7.4752,0,0,-22.5,45,22.5,-7.4752,0,-4,0,0,0,-4,0,4,-5,0,0,6,0,0,0,0,,0,-4,7,2,-1,-4,0,4,-8,0,0,4,-4,4,-3,0,0,2,,,,
4,-7.8418,22.5,-45,-22.5,-7.8418,0,0,-22.5,45,22.5,-7.8418,0,-4,0,0,0,-4,0,4,-5,0,0,6,0,0,0,0,,0,-4,7,2,-1,-4,0,4,-8,0,0,4,-4,4,-3,0,0,2,,,,
4,-8.1762,22.5,-45,-22.5,-8.1762,0,0,-22.5,45,22.5,-8.1762,0,-4,0,0,0,-4,0,4,-5,0,0,6,0,0,0,0,,0,-4,7,2,-1,-4,0,4,-8,0,0,4,-4,4,-3,0,0,2,,,,
4,-8.477,22.5,-45,-22.5,-8.477,0,0,-22.5,45,22.5,-8.477,0,-4,0,0,0,-4,0,4,-5,0,0,6,0,0,0,0,,0,-4,7,2,-1,-4,0,4,-8,0,0,4,-4,4,-3,0,0,2,,,,
4,-8.7429,22.5,-45,-22.5,-8.7429,0,0,-22.5,45,22.5,-8.7429,0,-4,0,0,0,-4,0,4,-5,0,0,6,0,0,0,0,,0,-4,7,2,-1,-4,0,4,-8,0,0,4,-4,4,-3,0,0,2,,,,
4,-8.9729,22.5,-45,-22.5,-8.9729,0,0,-22.5,45,22.5,-8.9729,0,-4,0,0,0,-4,0,4,-5,0,0,6,0,0,0,0,,0,-4,7,2,-1,-4,0,4,-8,0,0,4,-4,4,-3,0,0,2,,,,
4,-9.166,22.5,-45,-22.5,-9.166,0,0,-22.5,45,22.5,-9.166,0,-4,0,0,0,-4,0,4,-5,0,0,6,0,0,0,0,,0,-4,7,2,-1,-4,0,4,-8,0,0,4,-4,4,-3,0,0,2,,,,
4,-9.3215,22.5,-45,-22.5,-9.3215,0,0,-22.5,45,22.5,-9.3215,0,-4,0,0,0,-4,0,4,-5,0,0,6,0,0,0,0,,0,-4,7,2,-1,-4,0,4,-8,0,0,4,-4,4,-3,0,0,2,,,,
4,-9.4386,22.5,-45,-22.5,-9.4386,0,0,-22.5,45,22.5,-9.4386,0,-4,0,0,0,-4,0,4,-5,0,0,6,0,0,0,0,,0,-4,7,2,-1,-4,0,4,-8,0,0,4,-4,4,-3,0,0,2,,,,
4,-9.517,22.5,-45,-22.5,-9.517,0,0,-22.5,45,22.5,-9.517,0,-4,0,0,0,-4,0,4,-5,0,0,6,0,0,0,0,,0,-4,7,2,-1,-4,0,4,-8,0,0,4,-4,4,-3,0,0,2,,,,
4,-9.5563,22.5,-45,-22.5,-9.5563,0,0,-22.5,45,22.5,-9.5563,0,-4,0,0,0,-4,0,4,-5,0,0,6,0,0,0,0,,0,-4,7,2,-1,-4,0,4,-8,0,0,4,-4,4,-3,0,0,2,,,,
4,-9.5563,22.7129635857,-45.4259271714,-22.7129635857,-9.5563,0,0,-22.5,45,22.5,-9.5563,0,-4,0,0,0,-4,0,4,-5,0,0,6,0,0,0,0,,0,-4,7,2,-1,-4,0,4,-8,0,0,4,-4,4,-3,0,0,2,,,,
4,-9.517,23.3373412263,-46.6746824527,-23.3373412263,-9.517,0,0,-22.5,45,22.5,-9.517,0,-4,0,0,0,-4,0,4,-5,0,0,6,0,0,0,0,,0,-4,7,2,-1,-4,0,4,-8,0,0,4,-4,4,-3,0,0,2,,,,
4,-9.4386,24.3305826176,-48.6611652352,-24.3305826176,-9.4386,0,0,-22.5,45,22.5,-9.4386,0,-4,0,0,0,-4,0,4,-5,0,0,6,0,0,0,0,,0,-4,7,2,-1,-4,0,4,-8,0,0,4,-4,4,-3,0,0,2,,,,
4,-9.3215,25.625,-51.25,-25.625,-9.3215,0,0,-22.5,45,22.5,-9.3215,0,-4,0,0,0,-4,0,4,-5,0,0,6,0,0,0,0,,0,-4,7,2,-1,-4,0,4,-8,0,0,4,-4,4,-3,0,0,2,,,,
4,-9.166,27.1323809681,-54.2647619362,-27.1323809681,-9.166,0,0,-22.5,45,22.5,-9.166,0,-4,0,0,0,-4,0,4,-5,0,0,6,0,0,0,0,,0,-4,7,2,-1,-4,0,4,-8,0,0,4,-4,4,-3,0,0,2,,,,
4,-8.9729,28.75,-57.5,-28.75,-8.9729,0,0,-22.5,45,22.5,-8.9729,0,-4,0,0,0,-4,0,4,-5,0,0,6,0,0,0,0,,0,-4,7,2,-1,-4,0,4,-8,0,0,4,-4,4,-3,0,0,2,,,,
4,-8.7429,30.3676190319,-60.7352380638,-30.3676190319,-8.7429,0,0,-22.5,45,22.5,-8.7429,0,-4,0,0,0,-4,0,4,-5,0,0,6,0,0,0,0,,0,-4,7,2,-1,-4,0,4,-8,0,0,4,-4,4,-3,0,0,2,,,,
4,-8.477,31.875,-63.75,-31.875,-8.477,0,0,-22.5,45,22.5,-8.477,0,-4,0,0,0,-4,0,4,-5,0,0,6,0,0,0,0,,0,-4,7,2,-1,-4,0,4,-8,0,0,4,-4,4,-3,0,0,2,,,,
4,-8.1762,33.1694173824,-66.3388347648,-33.1694173824,-8.1762,0,0,-22.5,45,22.5,-8.1762,0,-4,0,0,0,-4,0,4,-5,0,0,6,0,0,0,0,,0,-4,7,2,-1,-4,0,4,-8,0,0,4,-4,4,-3,0,0,2,,,,
4,-7.8418,34.1626587737,-68.3253175473,-34.1626587737,-7.8418,0,0,-22.5,45,22.5,-7.8418,0,-4,0,0,0,-4,0,4,-5,0,0,6,0,0,0,0,,0,-4,7,2,-1,-4,0,4,-8,0,0,4,-4,4,-3,0,0,2,,,,
4,-7.4752,34.7870364143,-69.5740728286,-34.7870364143,-7.4752,0,0,-22.5,45,22.5,-7.4752,0,-4,0,0,0,-4,0,4,-5,0,0,6,0,0,0,0,,0,-4,7,2,-1,-4,0,4,-8,0,0,4,-4,4,-3,0,0,2,,,,
4,-7.0779,35,-70,-35,-7.0779,0,0,-22.5,45,22.5,-7.0779,0,-4,0,0,0,-4,0,4,-5,0,0,6,0,0,0,0,,0,-4,7,2,-1,-4,0,4,-8,0,0,4,-4,4,-3,0,0,2,,,,
4,-6.6516,34.7870364143,-69.5740728286,-34.7870364143,-6.6516,0,0,-22.5,45,22.5,-6.6516,0,-4,0,0,0,-4,0,4,-5,0,0,6,0,0,0,0,,0,-4,7,2,-1,-4,0,4,-8,0,0,4,-4,4,-3,0,0,2,,,,
4,-6.1978,34.1626587737,-68.3253175473,-34.1626587737,-6.1978,0,0,-22.5,45,22.5,-6.1978,0,-4,0,0,0,-4,0,4,-5,0,0,6,0,0,0,0,,0,-4,7,2,-1,-4,0,4,-8,0,0,4,-4,4,-3,0,0,2,,,,
4,-5.7187,33.1694173824,-66.3388347648,-33.1694173824,-5.7187,0,0,-22.5,45,22.5,-5.7187,0,-4,0,0,0,-4,0,4,-5,0,0,6,0,0,0,0,,0,-4,7,2,-1,-4,0,4,-8,0,0,4,-4,4,-3,0,0,2,,,,
4,-5.216,31.875,-63.75,-31.875,-5.216,0,0,-22.5,45,22.5,-5.216,0,-4,0,0,0,-4,0,4,-5,0,0,6,0,0,0,0,,0,-4,7,2,-1,-4,0,4,-8,0,0,4,-4,4,-3,0,0,2,,,,
4,-4.6918,30.3676190319,-60.7352380638,-30.3676190319,-4.6918,0,0,-22.5,45,22.5,-4.6918,0,-4,0,0,0,-4,0,4,-5,0,0,6,0,0,0,0,,0,-4,7,2,-1,-4,0,4,-8,0,0,4,-4,4,-3,0,0,2,,,,
4,-4.1484,28.75,-57.5,-28.75,-4.1484,0,0,-22.5,45,22.5,-4.1484,0,-4,0,0,0,-4,0,4,-5,0,0,6,0,0,0,0,,0,-4,7,2,-1,-4,0,4,-8,0,0,4,-4,4,-3,0,0,2,,,,
4,-3.588,27.1323809681,-54.2647619362,-27.1323809681,-3.588,0,0,-22.5,45,22.5,-3.588,0,-4,0,0,0,-4,0,4,-5,0,0,6,0,0,0,0,,0,-4,7,2,-1,-4,0,4,-8,0,0,4,-4,4,-3,0,0,2,,,,
4,-3.0128,25.625,-51.25,-25.625,-3.0128,0,0,-22.5,45,22.5,-3.0128,0,-4,0,0,0,-4,0,4,-5,0,0,6,0,0,0,0,,0,-4,7,2,-1,-4,0,4,-8,0,0,4,-4,4,-3,0,0,2,,,,
4,-2.4252,24.3305826176,-48.6611652352,-24.3305826176,-2.4252,0,0,-22.5,45,22.5,-2.4252,0,-4,0,0,0,-4,0,4,-5,0,0,6,0,0,0,0,,0,-4,7,2,-1,-4,0,4,-8,0,0,4,-4,4,-3,0,0,2,,,,
4,-1.8277,23.3373412263,-46.6746824527,-23.3373412263,-1.8277,0,0,-22.5,45,22.5,-1.8277,0,-4,0,0,0,-4,0,4,-5,0,0,6,0,0,0,0,,0,-4,7,2,-1,-4,0,4,-8,0,0,4,-4,4,-3,0,0,2,,,,
4,-1.2227,22.7129635857,-45.4259271714,-22.7129635857,-1.2227,0,0,-22.5,45,22.5,-1.2227,0,-4,0,0,0,-4,0,4,-5,0,0,6,0,0,0,0,,0,-4,7,2,-1,-4,0,4,-8,0,0,4,-4,4,-3,0,0,2,,,,
4,-0.61259,22.5,-45,-22.5,-0.61259,0,0,-23.5,45,23.5,-0.61259,0,-4,0,0,0,-4,0,4,-5,0,0,6,0,0,0,0,,0,-4,7,2,-1,-4,0,4,-8,0,0,4,-4,4,-3,0,0,2,,,,
4,0,22.5,-45,-22.5,0,0,0,-22.5,45,22.5,0,0,-4,0,0,0,-4,0,4,-5,0,0,6,0,0,0,0,,0,-4,7,2,-1,-4,0,4,-8,0,0,4,-4,4,-3,0,0,2,,,,
4,0,22.5,-45,-22.5,0,0,0,-22.5,45,22.5,0,0,-4,0,0,0,-4,0,4,-5,0,0,6,0,0,0,0,,0,-4,7,2,-1,-4,0,4,-8,0,0,4,-4,4,-3,0,0,2,,,,
4,0,22.5,-45,-22.5,0,0,0,-22.5,45,22.5,0,0,-4,0,0,0,-4,0,4,-5,0,0,6,0,0,0,0,,0,-4,7,2,-1,-4,0,4,-8,0,0,4,-4,4,-3,0,0,2,,,,
4,0,22.5,-45,-22.5,0,0,0,-22.5,45,22.5,0,0,-4,0,0,0,-4,0,4,-5,0,0,6,0,0,0,0,,0,-4,7,2,-1,-4,0,4,-8,0,0,4,-4,4,-3,0,0,2,,,,
4,0,22.5,-45,-22.5,0,0,0,-22.5,45,22.5,0,0,-4,0,0,0,-4,0,4,-5,0,0,6,0,0,0,0,,0,-4,7,2,-1,-4,0,4,-8,0,0,4,-4,4,-3,0,0,2,,,,
4,0,22.5,-45,-22.5,0,0,0,-22.5,45,22.5,0,0,-4,0,0,0,-4,0,4,-5,0,0,6,0,0,0,0,,0,-4,7,2,-1,-4,0,4,-8,0,0,4,-4,4,-3,0,0,2,,,,
4,0,22.5,-45,-22.5,0,0,0,-22.5,45,22.5,0,0,-4,0,0,0,-4,0,4,-5,0,0,6,0,0,0,0,,0,-4,7,2,-1,-4,0,4,-8,0,0,4,-4,4,-3,0,0,2,,,,
4,0,22.5,-45,-22.5,0,0,0,-22.5,45,22.5,0,0,-4,0,0,0,-4,0,4,-5,0,0,6,0,0,0,0,,0,-4,7,2,-1,-4,0,4,-8,0,0,4,-4,4,-3,0,0,2,,,,
4,0,22.5,-45,-22.5,0,0,0,-22.5,45,22.5,0,0,-4,0,0,0,-4,0,4,-5,0,0,6,0,0,0,0,,0,-4,7,2,-1,-4,0,4,-8,0,0,4,-4,4,-3,0,0,2,,,,
4,0,22.5,-45,-22.5,0,0,0,-22.5,45,22.5,0,0,-4,0,0,0,-4,0,4,-5,0,0,6,0,0,0,0,,0,-4,7,2,-1,-4,0,4,-8,0,0,4,-4,4,-3,0,0,2,,,,
4,0,22.5,-45,-22.5,0,0,0,-22.5,45,22.5,0,0,-4,0,0,0,-4,0,4,-5,0,0,6,0,0,0,0,,0,-4,7,2,-1,-4,0,4,-8,0,0,4,-4,4,-3,0,0,2,,,,
4,0,22.5,-45,-22.5,0,0,0,-22.5,45,22.5,0,0,-4,0,0,0,-4,0,4,-5,0,0,6,0,0,0,0,,0,-4,7,2,-1,-4,0,4,-8,0,0,4,-1,6,-3,0,0,2,,,,
4,0,22.5,-45,-22.5,0.6407,0,0.6407,-22.5,45,22.5,0.6407,0,-4,0,0,0,-4,0,4,-5,0,0,6,0,0,0,0,,0,-4,7,2,-1,-4,0,4,-8,0,0,4,-1,6,-3,0,0,2,,,,
4,0,22.5,-45,-22.5,1.2788,0,1.2788,-22.5,45,22.5,1.2788,0,-4,0,0,0,-4,0,4,-5,0,0,6,0,0,0,0,,0,-4,7,2,-1,-4,0,4,-8,0,0,4,-1,6,-3,0,0,2,,,,
4,0,22.5,-45,-22.5,1.9116,0,1.9116,-22.5,45,22.5,1.9116,0,-4,0,0,0,-4,0,4,-5,0,0,6,0,0,0,0,,0,-4,7,2,-1,-4,0,4,-8,0,0,4,-1,6,-3,0,0,2,,,,
4,0,22.5,-45,-22.5,2.5365,0,2.5365,-22.5,45,22.5,2.5365,0,-4,0,0,0,-4,0,4,-5,0,0,6,0,0,0,0,,0,-4,7,2,-1,-4,0,4,-8,0,0,4,-1,6,-3,0,0,2,,,,
4,0,22.5,-45,-22.5,3.1511,0,3.1511,-22.5,45,22.5,3.1511,0,-4,0,0,0,-4,0,4,-5,0,0,6,0,0,0,0,,0,-4,7,2,-1,-4,0,4,-8,0,0,4,-1,6,-3,0,0,2,,,,
4,0,22.5,-45,-22.5,3.7527,0,3.7527,-22.5,45,22.5,3.7527,0,-4,0,0,0,-4,0,4,-5,0,0,6,0,0,0,0,,0,-4,7,2,-1,-4,0,4,-8,0,0,4,-1,6,-3,0,0,2,,,,
4,0,22.5,-45,-22.5,4.3388,0,4.3388,-22.5,45,22.5,4.3388,0,-4,0,0,0,-4,0,4,-5,0,0,6,0,0,0,0,,0,-4,7,2,-1,-4,0,4,-8,0,0,4,-1,6,-3,0,0,2,,,,
4,0,22.5,-45,-22.5,4.9072,0,4.9072,-22.5,45,22.5,4.9072,0,-4,0,0,0,-4,0,4,-5,0,0,6,0,0,0,0,,0,-4,7,2,-1,-4,0,4,-8,0,0,4,-1,6,-3,0,0,2,,,,
4,0,22.5,-45,-22.5,5.4553,0,5.4553,-22.5,45,22.5,5.4553,0,-4,0,0,0,-4,0,4,-5,0,0,6,0,0,0,0,,0,-4,7,2,-1,-4,0,4,-8,0,0,4,-1,6,-3,0,0,2,,,,
4,0,22.5,-45,-22.5,5.9811,0,5.9811,-22.5,45,22.5,5.9811,0,-4,0,0,0,-4,0,4,-5,0,0,6,0,0,0,0,,0,-4,7,2,-1,-4,0,4,-8,0,0,4,-1,6,-3,0,0,2,,,,
4,0,22.5,-45,-22.5,6.4823,0,6.4823,-22.5,45,22.5,6.4823,0,-4,0,0,0,-4,0,4,-5,0,0,6,0,0,0,0,,0,-4,7,2,-1,-4,0,4,-8,0,0,4,-1,6,-3,0,0,2,,,,
4,0,22.5,-45,-22.5,6.9568,0,6.9568,-22.5,45,22.5,6.9568,0,-4,0,0,0,-4,0,4,-5,0,0,6,0,0,0,0,,0,-4,7,2,-1,-4,0,4,-8,0,0,4,-1,6,-3,0,0,2,,,,
4,0,22.5,-45,-22.5,7.4028,0,7.4028,-22.5,45,22.5,7.4028,0,-4,0,0,0,-4,0,4,-5,0,0,6,0,0,0,0,,0,-4,7,2,-1,-4,0,4,-8,0,0,4,-1,6,-3,0,0,2,,,,
4,0,22.5,-45,-22.5,7.8183,0,7.8183,-22.5,45,22.5,7.8183,0,-4,0,0,0,-4,0,4,-5,0,0,6,0,0,0,0,,0,-4,7,2,-1,-4,0,4,-8,0,0,4,-1,6,-3,0,0,2,,,,
4,0,22.5,-45,-22.5,8.2017,0,8.2017,-22.5,45,22.5,8.2017,0,-4,0,0,0,-4,0,4,-5,0,0,6,0,0,0,0,,0,-4,7,2,-1,-4,0,4,-8,0,0,4,-1,6,-3,0,0,2,,,,
4,0,22.5,-45,-22.5,8.5514,0,8.5514,-22.5,45,22.5,8.5514,0,-4,0,0,0,-4,0,4,-5,0,0,6,0,0,0,0,,0,-4,7,2,-1,-4,0,4,-8,0,0,4,-1,6,-3,0,0,2,,,,
4,0,22.5,-45,-22.5,8.866,0,8.866,-22.5,45,22.5,8.866,0,-4,0,0,0,-4,0,4,-5,0,0,6,0,0,0,0,,0,-4,7,2,-1,-4,0,4,-8,0,0,4,-1,6,-3,0,0,2,,,,
4,0,22.5,-45,-22.5,9.1441,0,9.1441,-22.5,45,22.5,9.1441,0,-4,0,0,0,-4,0,4,-5,0,0,6,0,0,0,0,,0,-4,7,2,-1,-4,0,4,-8,0,0,4,-1,6,-3,0,0,2,,,,
4,0,22.5,-45,-22.5,9.3847,0,9.3847,-22.5,45,22.5,9.3847,0,-4,0,0,0,-4,0,4,-5,0,0,6,0,0,0,0,,0,-4,7,2,-1,-4,0,4,-8,0,0,4,-1,6,-3,0,0,2,,,,
4,0,22.5,-45,-22.5,9.5867,0,9.5867,-22.5,45,22.5,9.5867,0,-4,0,0,0,-4,0,4,-5,0,0,6,0,0,0,0,,0,-4,7,2,-1,-4,0,4,-8,0,0,4,-1,6,-3,0,0,2,,,,
4,0,22.5,-45,-22.5,9.7493,0,9.7493,-22.5,45,22.5,9.7493,0,-4,0,0,0,-4,0,4,-5,0,0,6,0,0,0,0,,0,-4,7,2,-1,-4,0,4,-8,0,0,4,-1,6,-3,0,0,2,,,,
4,0,22.5,-45,-22.5,9.8718,0,9.8718,-22.5,45,22.5,9.8718,0,-4,0,0,0,-4,0,4,-5,0,0,6,0,0,0,0,,0,-4,7,2,-1,-4,0,4,-8,0,0,4,-1,6,-3,0,0,2,,,,
4,0,22.5,-45,-22.5,9.9538,0,9.9538,-22.5,45,22.5,9.9538,0,-4,0,0,0,-4,0,4,-5,0,0,6,0,0,0,0,,0,-4,7,2,-1,-4,0,4,-8,0,0,4,-1,6,-3,0,0,2,,,,
4,0,22.5,-45,-22.5,9.9949,0,9.9949,-22.5,45,22.5,9.9949,0,-4,0,0,0,-4,0,4,-5,0,0,6,0,0,0,0,,0,-4,7,2,-1,-4,0,4,-8,0,0,4,-1,6,-3,0,0,2,,,,
4,0,22.5,-45,-22.5,9.9949,0,9.9949,-22.7129635857,45.4259271714,22.7129635857,9.9949,0,-4,0,0,0,-4,0,4,-5,0,0,6,0,0,0,0,,0,-4,7,2,-1,-4,0,4,-8,0,0,4,-1,6,-3,0,0,2,,,,
4,0,22.5,-45,-22.5,9.9538,0,9.9538,-23.3373412263,46.6746824527,23.3373412263,9.9538,0,-4,0,0,0,-4,0,4,-5,0,0,6,0,0,0,0,,0,-4,7,2,-1,-4,0,4,-8,0,0,4,-1,6,-3,0,0,2,,,,
4,0,22.5,-45,-22.5,9.8718,0,9.8718,-24.3305826176,48.6611652352,24.3305826176,9.8718,0,-4,0,0,0,-4,0,4,-5,0,0,6,0,0,0,0,,0,-4,7,2,-1,-4,0,4,-8,0,0,4,-1,6,-3,0,0,2,,,,
4,0,22.5,-45,-22.5,9.7493,0,9.7493,-25.625,51.25,25.625,9.7493,0,-4,0,0,0,-4,0,4,-5,0,0,6,0,0,0,0,,0,-4,7,2,-1,-4,0,4,-8,0,0,4,-1,6,-3,0,0,2,,,,
4,0,22.5,-45,-22.5,9.5867,0,9.5867,-27.1323809681,54.2647619362,27.1323809681,9.5867,0,-4,0,0,0,-4,0,4,-5,0,0,6,0,0,0,0,,0,-4,7,2,-1,-4,0,4,-8,0,0,4,-1,6,-3,0,0,2,,,,
4,0,22.5,-45,-22.5,9.3847,0,9.3847,-28.75,57.5,28.75,9.3847,0,-4,0,0,0,-4,0,4,-5,0,0,6,0,0,0,0,,0,-4,7,2,-1,-4,0,4,-8,0,0,4,-1,6,-3,0,0,2,,,,
4,0,22.5,-45,-22.5,9.1441,0,9.1441,-30.3676190319,60.7352380638,30.3676190319,9.1441,0,-4,0,0,0,-4,0,4,-5,0,0,6,0,0,0,0,,0,-4,7,2,-1,-4,0,4,-8,0,0,4,-1,6,-3,0,0,2,,,,
4,0,22.5,-45,-22.5,8.866,0,8.866,-31.875,63.75,31.875,8.866,0,-4,0,0,0,-4,0,4,-5,0,0,6,0,0,0,0,,0,-4,7,2,-1,-4,0,4,-8,0,0,4,-1,6,-3,0,0,2,,,,
4,0,22.5,-45,-22.5,8.5514,0,8.5514,-33.1694173824,66.3388347648,33.1694173824,8.5514,0,-4,0,0,0,-4,0,4,-5,0,0,6,0,0,0,0,,0,-4,7,2,-1,-4,0,4,-8,0,0,4,-1,6,-3,0,0,2,,,,
4,0,22.5,-45,-22.5,8.2017,0,8.2017,-34.1626587737,68.3253175473,34.1626587737,8.2017,0,-4,0,0,0,-4,0,4,-5,0,0,6,0,0,0,0,,0,-4,7,2,-1,-4,0,4,-8,0,0,4,-1,6,-3,0,0,2,,,,
4,0,22.5,-45,-22.5,7.8183,0,7.8183,-34.7870364143,69.5740728286,34.7870364143,7.8183,0,-4,0,0,0,-4,0,4,-5,0,0,6,0,0,0,0,,0,-4,7,2,-1,-4,0,4,-8,0,0,4,-1,6,-3,0,0,2,,,,
4,0,22.5,-45,-22.5,7.4028,0,7.4028,-35,70,35,7.4028,0,-4,0,0,0,-4,0,4,-5,0,0,6,0,0,0,0,,0,-4,7,2,-1,-4,0,4,-8,0,0,4,-1,6,-3,0,0,2,,,,
4,0,22.5,-45,-22.5,6.9568,0,6.9568,-34.7870364143,69.5740728286,34.7870364143,6.9568,0,-4,0,0,0,-4,0,4,-5,0,0,6,0,0,0,0,,0,-4,7,2,-1,-4,0,4,-8,0,0,4,-1,6,-3,0,0,2,,,,
4,0,22.5,-45,-22.5,6.4823,0,6.4823,-34.1626587737,68.3253175473,34.1626587737,6.4823,0,-4,0,0,0,-4,0,4,-5,0,0,6,0,0,0,0,,0,-4,7,2,-1,-4,0,4,-8,0,0,4,-1,6,-3,0,0,2,,,,
4,0,22.5,-45,-22.5,5.9811,0,5.9811,-33.1694173824,66.3388347648,33.1694173824,5.9811,0,-4,0,0,0,-4,0,4,-5,0,0,6,0,0,0,0,,0,-4,7,2,-1,-4,0,4,-8,0,0,4,-1,6,-3,0,0,2,,,,
4,0,22.5,-45,-22.5,5.4553,0,5.4553,-31.875,63.75,31.875,5.4553,0,-4,0,0,0,-4,0,4,-5,0,0,6,0,0,0,0,,0,-4,7,2,-1,-4,0,4,-8,0,0,4,-1,6,-3,0,0,2,,,,
4,0,22.5,-45,-22.5,4.9072,0,4.9072,-30.3676190319,60.7352380638,30.3676190319,4.9072,0,-4,0,0,0,-4,0,4,-5,0,0,6,0,0,0,0,,0,-4,7,2,-1,-4,0,4,-8,0,0,4,-1,6,-3,0,0,2,,,,
4,0,22.5,-45,-22.5,4.3388,0,4.3388,-28.75,57.5,28.75,4.3388,0,-4,0,0,0,-4,0,4,-5,0,0,6,0,0,0,0,,0,-4,7,2,-1,-4,0,4,-8,0,0,4,-1,6,-3,0,0,2,,,,
4,0,22.5,-45,-22.5,3.7527,0,3.7527,-27.1323809681,54.2647619362,27.1323809681,3.7527,0,-4,0,0,0,-4,0,4,-5,0,0,6,0,0,0,0,,0,-4,7,2,-1,-4,0,4,-8,0,0,4,-1,6,-3,0,0,2,,,,
4,0,22.5,-45,-22.5,3.1511,0,3.1511,-25.625,51.25,25.625,3.1511,0,-4,0,0,0,-4,0,4,-5,0,0,6,0,0,0,0,,0,-4,7,2,-1,-4,0,4,-8,0,0,4,-1,6,-3,0,0,2,,,,
4,0,22.5,-45,-22.5,2.5365,0,2.5365,-24.3305826176,48.6611652352,24.3305826176,2.5365,0,-4,0,0,0,-4,0,4,-5,0,0,6,0,0,0,0,,0,-4,7,2,-1,-4,0,4,-8,0,0,4,-1,6,-3,0,0,2,,,,
4,0,22.5,-45,-22.5,1.9116,0,1.9116,-23.3373412263,46.6746824527,23.3373412263,1.9116,0,-4,0,0,0,-4,0,4,-5,0,0,6,0,0,0,0,,0,-4,7,2,-1,-4,0,4,-8,0,0,4,-1,6,-3,0,0,2,,,,
4,0,22.5,-45,-22.5,1.2788,0,1.2788,-22.7129635857,45.4259271714,22.7129635857,1.2788,0,-4,0,0,0,-4,0,4,-5,0,0,6,0,0,0,0,,0,-4,7,2,-1,-4,0,4,-8,0,0,4,-1,6,-3,0,0,2,,,,
4,0,22.5,-45,-22.5,0.6407,0,0.6407,-22.5,45,22.5,0.6407,0,-4,0,0,0,-4,0,4,-5,0,0,6,0,0,0,0,,0,-4,7,2,-1,-4,0,4,-8,0,0,4,-1,6,-3,0,0,2,,,,
4,0,22.5,-45,-22.5,0,0,0,-22.5,45,22.5,0,0,-4,0,0,0,-4,0,4,-5,0,0,6,0,0,0,0,,0,-4,7,2,-1,-4,0,4,-8,0,0,4,-1,6,-3,0,0,2,,,,
4,0,22.5,-45,-22.5,0,0,0,-22.5,45,22.5,0,0,-4,0,0,0,-4,0,4,-5,0,0,6,0,0,0,0,,0,-4,7,2,-1,-4,0,4,-8,0,0,4,-1,6,-3,0,0,2,,,,
4,0,22.5,-45,-22.5,0,0,0,-22.5,45,22.5,0,0,-4,0,0,0,-4,0,4,-5,0,0,6,0,0,0,0,,0,-4,7,2,-1,-4,0,4,-8,0,0,4,-1,6,-3,0,0,2,,,,
4,0,22.5,-45,-22.5,0,0,0,-22.5,45,22.5,0,0,-4,0,0,0,-4,0,4,-5,0,0,6,0,0,0,0,,0,-4,7,2,-1,-4,0,4,-8,0,0,4,-1,6,-3,0,0,2,,,,
4,0,22.5,-45,-22.5,0,0,0,-22.5,45,22.5,0,0,-4,0,0,0,-4,0,4,-5,0,0,6,0,0,0,0,,0,-4,7,2,-1,-4,0,4,-8,0,0,4,-1,6,-3,0,0,2,,,,
4,0,22.5,-45,-22.5,0,0,0,-22.5,45,22.5,0,0,-4,0,0,0,-4,0,4,-5,0,0,6,0,0,0,0,,0,-4,7,2,-1,-4,0,4,-8,0,0,4,-1,6,-3,0,0,2,,,,
4,0,22.5,-45,-22.5,0,0,0,-22.5,45,22.5,0,0,-4,0,0,0,-4,0,4,-5,0,0,6,0,0,0,0,,0,-4,7,2,-1,-4,0,4,-8,0,0,4,-1,6,-3,0,0,2,,,,
4,0,22.5,-45,-22.5,0,0,0,-22.5,45,22.5,0,0,-4,0,0,0,-4,0,4,-5,0,0,6,0,0,0,0,,0,-4,7,2,-1,-4,0,4,-8,0,0,4,-1,6,-3,0,0,2,,,,
4,0,22.5,-45,-22.5,0,0,0,-22.5,45,22.5,0,0,-4,0,0,0,-4,0,4,-5,0,0,6,0,0,0,0,,0,-4,7,2,-1,-4,0,4,-8,0,0,4,-1,6,-3,0,0,2,,,,
4,0,22.5,-45,-22.5,0,0,0,-22.5,45,22.5,0,0,-4,0,0,0,-4,0,4,-5,0,0,6,0,0,0,0,,0,-4,7,2,-1,-4,0,4,-8,0,0,4,-1,6,-3,0,0,2,,,,
4,0,22.5,-45,-22.5,0,0,0,-22.5,45,22.5,0,0,-4,0,0,0,-4,0,4,-5,0,0,6,0,0,0,0,,0,-4,7,2,-1,-4,0,4,-8,0,0,4,-1,6,-3,0,0,2,,,,
