0,0,20.453,-48.94,-28.487,0,0,0,-29.118,48.94,19.822,0,0,0,-8,3,2.152905199,3.99235474,-1.512232416,8.98471,3.157492355,-4.570336391,4.152905199,7.240061162,-2.380733945,-1.152905199,1.652905199,5.652905199,0,0,-3,0,0,0.15291,2.4924,1.9878,9.0214,5.6575,-6.0703,0.15291,9.7401,-6.8807,-0.15291,0.15291,5.1529,0,0,0,0,-5.1529,0,0,0.15291,2.4924,2.9878,9.9847,4.6575,-6.0703,0.15291,9.7401,-7.8807,-0.15291,2.1529,5.1529
0,-0.30142,20.35,-48.911,-28.56,-0.30142,0,0,-29.045,48.969,19.924,-0.30142,0,0,-8,3,2.152905199,3.99235474,-1.512232416,8.98471,3.157492355,-4.570336391,4.152905199,7.240061162,-2.380733945,-1.152905199,1.652905199,5.652905199,0,0,-3,0,0,0.15291,2.4924,1.9878,9.0214,5.6575,-6.0703,0.15291,9.7401,-6.8807,-0.15291,0.15291,5.1529,0,0,0,0,-5.1529,0,0,0.15291,2.4924,2.9878,9.9847,4.6575,-6.0703,0.15291,9.7401,-7.8807,-0.15291,2.1529,5.1529
0,-0.60253,20.247,-48.88,-28.633,-0.60253,0,0,-28.972,48.997,20.025,-0.60253,0,0,-8,3,2.152905199,3.99235474,-1.512232416,8.98471,3.157492355,-4.570336391,4.152905199,7.240061162,-2.380733945,-1.152905199,1.652905199,5.652905199,0,0,-3,0,0,0.15291,2.4924,1.9878,9.0214,5.6575,-6.0703,0.15291,9.7401,-6.8807,-0.15291,0.15291,5.1529,0,0,0,0,-5.1529,0,0,0.15291,2.4924,2.9878,9.9847,4.6575,-6.0703,0.15291,9.7401,-7.8807,-0.15291,2.1529,5.1529
0,-0.90303,20.143,-48.849,-28.706,-0.90303,0,0,-28.899,49.025,20.125,-0.90303,0,0,-8,3,2.152905199,3.99235474,-1.512232416,8.98471,3.157492355,-4.570336391,4.152905199,7.240061162,-2.380733945,-1.152905199,1.652905199,5.652905199,0,0,-3,0,0,0.15291,2.4924,1.9878,9.0214,5.6575,-6.0703,0.15291,9.7401,-6.8807,-0.15291,0.15291,5.1529,0,0,0,0,-5.1529,0,0,0.15291,2.4924,2.9878,9.9847,4.6575,-6.0703,0.15291,9.7401,-7.8807,-0.15291,2.1529,5.1529
0,-1.2026,20.039,-48.818,-28.779,-1.2026,0,0,-28.826,49.052,20.226,-1.2026,0,0,-8,3,2.152905199,3.99235474,-1.512232416,8.98471,3.157492355,-4.570336391,4.152905199,7.240061162,-2.380733945,-1.152905199,1.652905199,5.652905199,0,0,-3,0,0,0.15291,2.4924,1.9878,9.0214,5.6575,-6.0703,0.15291,9.7401,-6.8807,-0.15291,0.15291,5.1529,0,0,0,0,-5.1529,0,0,0.15291,2.4924,2.9878,9.9847,4.6575,-6.0703,0.15291,9.7401,-7.8807,-0.15291,2.1529,5.1529
0,-1.501,19.935,-48.786,-28.851,-1.501,0,0,-28.752,49.078,20.326,-1.501,0,0,-8,3,2.152905199,3.99235474,-1.512232416,8.98471,3.157492355,-4.570336391,4.152905199,7.240061162,-2.380733945,-1.152905199,1.652905199,5.652905199,0,0,-3,0,0,0.15291,2.4924,1.9878,9.0214,5.6575,-6.0703,0.15291,9.7401,-6.8807,-0.15291,0.15291,5.1529,0,0,0,0,-5.1529,0,0,0.15291,2.4924,2.9878,9.9847,4.6575,-6.0703,0.15291,9.7401,-7.8807,-0.15291,2.1529,5.1529
0,-1.7979,19.83,-48.753,-28.923,-1.7979,0,0,-28.677,49.104,20.426,-1.7979,0,0,-8,3,2.152905199,3.99235474,-1.512232416,8.98471,3.157492355,-4.570336391,4.152905199,7.240061162,-2.380733945,-1.152905199,1.652905199,5.652905199,0,0,-3,0,0,0.15291,2.4924,1.9878,9.0214,5.6575,-6.0703,0.15291,9.7401,-6.8807,-0.15291,0.15291,5.1529,0,0,0,0,-5.1529,0,0,0.15291,2.4924,2.9878,9.9847,4.6575,-6.0703,0.15291,9.7401,-7.8807,-0.15291,2.1529,5.1529
0,-2.093,19.726,-48.72,-28.994,-2.093,0,0,-28.603,49.129,20.526,-2.093,0,0,-8,3,2.152905199,3.99235474,-1.512232416,8.98471,3.157492355,-4.570336391,4.152905199,7.240061162,-2.380733945,-1.152905199,1.652905199,5.652905199,0,0,-3,0,0,0.15291,2.4924,1.9878,9.0214,5.6575,-6.0703,0.15291,9.7401,-6.8807,-0.15291,0.15291,5.1529,0,0,0,0,-5.1529,0,0,0.15291,2.4924,2.9878,9.9847,4.6575,-6.0703,0.15291,9.7401,-7.8807,-0.15291,2.1529,5.1529
0,-2.3859,19.62,-48.686,-29.066,-2.3859,0,0,-28.528,49.153,20.625,-2.3859,0,0,-8,3,2.152905199,3.99235474,-1.512232416,8.98471,3.157492355,-4.570336391,4.152905199,7.240061162,-2.380733945,-1.152905199,1.652905199,5.652905199,0,0,-3,0,0,0.15291,2.4924,1.9878,9.0214,5.6575,-6.0703,0.15291,9.7401,-6.8807,-0.15291,0.15291,5.1529,0,0,0,0,-5.1529,0,0,0.15291,2.4924,2.9878,9.9847,4.6575,-6.0703,0.15291,9.7401,-7.8807,-0.15291,2.1529,5.1529
0,-2.6765,19.515,-48.651,-29.136,-2.6765,0,0,-28.453,49.177,20.725,-2.6765,0,0,-8,3,2.152905199,3.99235474,-1.512232416,8.98471,3.157492355,-4.570336391,4.152905199,7.240061162,-2.380733945,-1.152905199,1.652905199,5.652905199,0,0,-3,0,0,0.15291,2.4924,1.9878,9.0214,5.6575,-6.0703,0.15291,9.7401,-6.8807,-0.15291,0.15291,5.1529,0,0,0,0,-5.1529,0,0,0.15291,2.4924,2.9878,9.9847,4.6575,-6.0703,0.15291,9.7401,-7.8807,-0.15291,2.1529,5.1529
0,-2.9643,19.409,-48.616,-29.207,-2.9643,0,0,-28.377,49.201,20.823,-2.9643,0,0,-8,3,2.152905199,3.99235474,-1.512232416,8.98471,3.157492355,-4.570336391,4.152905199,7.240061162,-2.380733945,-1.152905199,1.652905199,5.652905199,0,0,-3,0,0,0.15291,2.4924,1.9878,9.0214,5.6575,-6.0703,0.15291,9.7401,-6.8807,-0.15291,0.15291,5.1529,0,0,0,0,-5.1529,0,0,0.15291,2.4924,2.9878,9.9847,4.6575,-6.0703,0.15291,9.7401,-7.8807,-0.15291,2.1529,5.1529
0,-3.2492,19.303,-48.58,-29.277,-3.2492,0,0,-28.301,49.223,20.922,-3.2492,0,0,-8,3,2.152905199,3.99235474,-1.512232416,8.98471,3.157492355,-4.570336391,4.152905199,7.240061162,-2.380733945,-1.152905199,1.652905199,5.652905199,0,0,-3,0,0,0.15291,2.4924,1.9878,9.0214,5.6575,-6.0703,0.15291,9.7401,-6.8807,-0.15291,0.15291,5.1529,0,0,0,0,-5.1529,0,0,0.15291,2.4924,2.9878,9.9847,4.6575,-6.0703,0.15291,9.7401,-7.8807,-0.15291,2.1529,5.1529
0,-3.5308,19.197,-48.544,-29.347,-3.5308,0,0,-28.225,49.246,21.02,-3.5308,0,0,-8,3,2.152905199,3.99235474,-1.512232416,8.98471,3.157492355,-4.570336391,4.152905199,7.240061162,-2.380733945,-1.152905199,1.652905199,5.652905199,0,0,-3,0,0,0.15291,2.4924,1.9878,9.0214,5.6575,-6.0703,0.15291,9.7401,-6.8807,-0.15291,0.15291,5.1529,0,0,0,0,-5.1529,0,0,0.15291,2.4924,2.9878,9.9847,4.6575,-6.0703,0.15291,9.7401,-7.8807,-0.15291,2.1529,5.1529
0,-3.8088,19.09,-48.507,-29.417,-3.8088,0,0,-28.149,49.267,21.118,-3.8088,0,0,-8,3,2.152905199,3.99235474,-1.512232416,8.98471,3.157492355,-4.570336391,4.152905199,7.240061162,-2.380733945,-1.152905199,1.652905199,5.652905199,0,0,-3,0,0,0.15291,2.4924,1.9878,9.0214,5.6575,-6.0703,0.15291,9.7401,-6.8807,-0.15291,0.15291,5.1529,0,0,0,0,-5.1529,0,0,0.15291,2.4924,2.9878,9.9847,4.6575,-6.0703,0.15291,9.7401,-7.8807,-0.15291,2.1529,5.1529
0,-4.0831,18.984,-48.469,-29.486,-4.0831,0,0,-28.072,49.288,21.216,-4.0831,0,0,-8,3,2.152905199,3.99235474,-1.512232416,8.98471,3.157492355,-4.570336391,4.152905199,7.240061162,-2.380733945,-1.152905199,1.652905199,5.652905199,0,0,-3,0,0,0.15291,2.4924,1.9878,9.0214,5.6575,-6.0703,0.15291,9.7401,-6.8807,-0.15291,0.15291,5.1529,0,0,0,0,-5.1529,0,0,0.15291,2.4924,2.9878,9.9847,4.6575,-6.0703,0.15291,9.7401,-7.8807,-0.15291,2.1529,5.1529
0,-4.3532,18.876,-48.431,-29.555,-4.3532,0,0,-27.995,49.309,21.314,-4.3532,0,0,-8,3,2.152905199,3.99235474,-1.512232416,8.98471,3.157492355,-4.570336391,4.152905199,7.240061162,-2.380733945,-1.152905199,1.652905199,5.652905199,0,0,-3,0,0,0.15291,2.4924,1.9878,9.0214,5.6575,-6.0703,0.15291,9.7401,-6.8807,-0.15291,0.15291,5.1529,0,0,0,0,-5.1529,0,0,0.15291,2.4924,2.9878,9.9847,4.6575,-6.0703,0.15291,9.7401,-7.8807,-0.15291,2.1529,5.1529
0,-4.6189,18.769,-48.392,-29.623,-4.6189,0,0,-27.918,49.328,21.411,-4.6189,0,0,-8,3,2.152905199,3.99235474,-1.512232416,8.98471,3.157492355,-4.570336391,4.152905199,7.240061162,-2.380733945,-1.152905199,1.652905199,5.652905199,0,0,-3,0,0,0.15291,2.4924,1.9878,9.0214,5.6575,-6.0703,0.15291,9.7401,-6.8807,-0.15291,0.15291,5.1529,0,0,0,0,-5.1529,0,0,0.15291,2.4924,2.9878,9.9847,4.6575,-6.0703,0.15291,9.7401,-7.8807,-0.15291,2.1529,5.1529
0,-4.8799,18.661,-48.352,-29.691,-4.8799,0,0,-27.84,49.348,21.508,-4.8799,0,0,-8,3,2.152905199,3.99235474,-1.512232416,8.98471,3.157492355,-4.570336391,4.152905199,7.240061162,-2.380733945,-1.152905199,1.652905199,5.652905199,0,0,-3,0,0,0.15291,2.4924,1.9878,9.0214,5.6575,-6.0703,0.15291,9.7401,-6.8807,-0.15291,0.15291,5.1529,0,0,0,0,-5.1529,0,0,0.15291,2.4924,2.9878,9.9847,4.6575,-6.0703,0.15291,9.7401,-7.8807,-0.15291,2.1529,5.1529
0,-5.1361,18.553,-48.312,-29.759,-5.1361,0,0,-27.762,49.366,21.604,-5.1361,0,0,-8,3,2.152905199,3.99235474,-1.512232416,8.98471,3.157492355,-4.570336391,4.152905199,7.240061162,-2.380733945,-1.152905199,1.652905199,5.652905199,0,0,-3,0,0,0.15291,2.4924,1.9878,9.0214,5.6575,-6.0703,0.15291,9.7401,-6.8807,-0.15291,0.15291,5.1529,0,0,0,0,-5.1529,0,0,0.15291,2.4924,2.9878,9.9847,4.6575,-6.0703,0.15291,9.7401,-7.8807,-0.15291,2.1529,5.1529
0,-5.3871,18.445,-48.271,-29.827,-5.3871,0,0,-27.684,49.384,21.701,-5.3871,0,0,-8,3,2.152905199,3.99235474,-1.512232416,8.98471,3.157492355,-4.570336391,4.152905199,7.240061162,-2.380733945,-1.152905199,1.652905199,5.652905199,0,0,-3,0,0,0.15291,2.4924,1.9878,9.0214,5.6575,-6.0703,0.15291,9.7401,-6.8807,-0.15291,0.15291,5.1529,0,0,0,0,-5.1529,0,0,0.15291,2.4924,2.9878,9.9847,4.6575,-6.0703,0.15291,9.7401,-7.8807,-0.15291,2.1529,5.1529
0,-5.6326,18.336,-48.23,-29.894,-5.6326,0,0,-27.605,49.402,21.797,-5.6326,0,0,-8,3,2.152905199,3.99235474,-1.512232416,8.98471,3.157492355,-4.570336391,4.152905199,7.240061162,-2.380733945,-1.152905199,1.652905199,5.652905199,0,0,-3,0,0,0.15291,2.4924,1.9878,9.0214,5.6575,-6.0703,0.15291,9.7401,-6.8807,-0.15291,0.15291,5.1529,0,0,0,0,-5.1529,0,0,0.15291,2.4924,2.9878,9.9847,4.6575,-6.0703,0.15291,9.7401,-7.8807,-0.15291,2.1529,5.1529
0,-5.8725,18.227,-48.188,-29.961,-5.8725,0,0,-27.526,49.419,21.893,-5.8725,0,0,-8,3,2.152905199,3.99235474,-1.512232416,8.98471,3.157492355,-4.570336391,4.152905199,7.240061162,-2.380733945,-1.152905199,1.652905199,5.652905199,0,0,-3,0,0,0.15291,2.4924,1.9878,9.0214,5.6575,-6.0703,0.15291,9.7401,-6.8807,-0.15291,0.15291,5.1529,0,0,0,0,-5.1529,0,0,0.15291,2.4924,2.9878,9.9847,4.6575,-6.0703,0.15291,9.7401,-7.8807,-0.15291,2.1529,5.1529
0,-6.1065,18.118,-48.145,-30.027,-6.1065,0,0,-27.447,49.435,21.988,-6.1065,0,0,-8,3,2.152905199,3.99235474,-1.512232416,8.98471,3.157492355,-4.570336391,4.152905199,7.240061162,-2.380733945,-1.152905199,1.652905199,5.652905199,0,0,-3,0,0,0.15291,2.4924,1.9878,9.0214,5.6575,-6.0703,0.15291,9.7401,-6.8807,-0.15291,0.15291,5.1529,0,0,0,0,-5.1529,0,0,0.15291,2.4924,2.9878,9.9847,4.6575,-6.0703,0.15291,9.7401,-7.8807,-0.15291,2.1529,5.1529
0,-6.3343,18.009,-48.102,-30.093,-6.3343,0,0,-27.367,49.451,22.084,-6.3343,0,0,-8,3,2.152905199,3.99235474,-1.512232416,8.98471,3.157492355,-4.570336391,4.152905199,7.240061162,-2.380733945,-1.152905199,1.652905199,5.652905199,0,0,-3,0,0,0.15291,2.4924,1.9878,9.0214,5.6575,-6.0703,0.15291,9.7401,-6.8807,-0.15291,0.15291,5.1529,0,0,0,0,-5.1529,0,0,0.15291,2.4924,2.9878,9.9847,4.6575,-6.0703,0.15291,9.7401,-7.8807,-0.15291,2.1529,5.1529
0,-6.5558,17.899,-48.058,-30.159,-6.5558,0,0,-27.287,49.466,22.179,-6.5558,0,0,-8,3,2.152905199,3.99235474,-1.512232416,8.98471,3.157492355,-4.570336391,4.152905199,7.240061162,-2.380733945,-1.152905199,1.652905199,5.652905199,0,0,-3,0,0,0.15291,2.4924,1.9878,9.0214,5.6575,-6.0703,0.15291,9.7401,-6.8807,-0.15291,0.15291,5.1529,0,0,0,0,-5.1529,0,0,0.15291,2.4924,2.9878,9.9847,4.6575,-6.0703,0.15291,9.7401,-7.8807,-0.15291,2.1529,5.1529
0,-6.7706,17.789,-48.013,-30.225,-6.7706,0,0,-27.207,49.48,22.273,-6.7706,0,0,-8,3,2.152905199,3.99235474,-1.512232416,8.98471,3.157492355,-4.570336391,4.152905199,7.240061162,-2.380733945,-1.152905199,1.652905199,5.652905199,0,0,-3,0,0,0.15291,2.4924,1.9878,9.0214,5.6575,-6.0703,0.15291,9.7401,-6.8807,-0.15291,0.15291,5.1529,0,0,0,0,-5.1529,0,0,0.15291,2.4924,2.9878,9.9847,4.6575,-6.0703,0.15291,9.7401,-7.8807,-0.15291,2.1529,5.1529
0,-6.9786,17.678,-47.968,-30.29,-6.9786,0,0,-27.127,49.494,22.368,-6.9786,0,0,-8,3,2.152905199,3.99235474,-1.512232416,8.98471,3.157492355,-4.570336391,4.152905199,7.240061162,-2.380733945,-1.152905199,1.652905199,5.652905199,0,0,-3,0,0,0.15291,2.4924,1.9878,9.0214,5.6575,-6.0703,0.15291,9.7401,-6.8807,-0.15291,0.15291,5.1529,0,0,0,0,-5.1529,0,0,0.15291,2.4924,2.9878,9.9847,4.6575,-6.0703,0.15291,9.7401,-7.8807,-0.15291,2.1529,5.1529
0,-7.1796,17.568,-47.922,-30.355,-7.1796,0,0,-27.046,49.508,22.462,-7.1796,0,0,-8,3,2.152905199,3.99235474,-1.512232416,8.98471,3.157492355,-4.570336391,4.152905199,7.240061162,-2.380733945,-1.152905199,1.652905199,5.652905199,0,0,-3,0,0,0.15291,2.4924,1.9878,9.0214,5.6575,-6.0703,0.15291,9.7401,-6.8807,-0.15291,0.15291,5.1529,0,0,0,0,-5.1529,0,0,0.15291,2.4924,2.9878,9.9847,4.6575,-6.0703,0.15291,9.7401,-7.8807,-0.15291,2.1529,5.1529
0,-7.3734,17.457,-47.876,-30.419,-7.3734,0,0,-26.965,49.521,22.556,-7.3734,0,0,-8,3,2.152905199,3.99235474,-1.512232416,8.98471,3.157492355,-4.570336391,4.152905199,7.240061162,-2.380733945,-1.152905199,1.652905199,5.652905199,0,0,-3,0,0,0.15291,2.4924,1.9878,9.0214,5.6575,-6.0703,0.15291,9.7401,-6.8807,-0.15291,0.15291,5.1529,0,0,0,0,-5.1529,0,0,0.15291,2.4924,2.9878,9.9847,4.6575,-6.0703,0.15291,9.7401,-7.8807,-0.15291,2.1529,5.1529
0,-7.5597,17.345,-47.828,-30.483,-7.5597,0,0,-26.883,49.533,22.65,-7.5597,0,0,-8,3,2.152905199,3.99235474,-1.512232416,8.98471,3.157492355,-4.570336391,4.152905199,7.240061162,-2.380733945,-1.152905199,1.652905199,5.652905199,0,0,-3,0,0,0.15291,2.4924,1.9878,9.0214,5.6575,-6.0703,0.15291,9.7401,-6.8807,-0.15291,0.15291,5.1529,0,0,0,0,-5.1529,0,0,0.15291,2.4924,2.9878,9.9847,4.6575,-6.0703,0.15291,9.7401,-7.8807,-0.15291,2.1529,5.1529
0,-7.7385,17.234,-47.781,-30.547,-7.7385,0,0,-26.75,49.544,22.743,-7.7385,0,0,-8,3,2.152905199,3.99235474,-1.512232416,8.98471,3.157492355,-4.570336391,4.152905199,7.240061162,-2.380733945,-1.152905199,1.652905199,5.652905199,0,0,-3,0,0,0.15291,2.4924,1.9878,9.0214,5.6575,-6.0703,0.15291,9.7401,-6.8807,-0.15291,0.15291,5.1529,0,0,0,0,-5.1529,0,0,0.15291,2.4924,2.9878,9.9847,4.6575,-6.0703,0.15291,9.7401,-7.8807,-0.15291,2.1529,5.1529
0,-7.9094,17.122,-47.732,-30.61,-7.9094,0,0,-26.72,49.555,22.836,-7.9094,0,0,-8,3,2.152905199,3.99235474,-1.512232416,8.98471,3.157492355,-4.570336391,4.152905199,7.240061162,-2.380733945,-1.152905199,1.652905199,5.652905199,0,0,-3,0,0,0.15291,2.4924,1.9878,9.0214,5.6575,-6.0703,0.15291,9.7401,-6.8807,-0.15291,0.15291,5.1529,0,0,0,0,-5.1529,0,0,0.15291,2.4924,2.9878,9.9847,4.6575,-6.0703,0.15291,9.7401,-7.8807,-0.15291,2.1529,5.1529
0,-8.0724,17.01,-47.683,-30.673,-8.0724,0,0,-26.637,49.566,22.929,-8.0724,0,0,-8,3,2.152905199,3.99235474,-1.512232416,8.98471,3.157492355,-4.570336391,4.152905199,7.240061162,-2.380733945,-1.152905199,1.652905199,5.652905199,0,0,-3,0,0,0.15291,2.4924,1.9878,9.0214,5.6575,-6.0703,0.15291,9.7401,-6.8807,-0.15291,0.15291,5.1529,0,0,0,0,-5.1529,0,0,0.15291,2.4924,2.9878,9.9847,4.6575,-6.0703,0.15291,9.7401,-7.8807,-0.15291,2.1529,5.1529
0,-8.2272,16.897,-47.633,-30.736,-8.2272,0,0,-26.555,49.576,23.021,-8.2272,0,0,-8,3,2.152905199,3.99235474,-1.512232416,8.98471,3.157492355,-4.570336391,4.152905199,7.240061162,-2.380733945,-1.152905199,1.652905199,5.652905199,0,0,-3,0,0,0.15291,2.4924,1.9878,9.0214,5.6575,-6.0703,0.15291,9.7401,-6.8807,-0.15291,0.15291,5.1529,0,0,0,0,-5.1529,0,0,0.15291,2.4924,2.9878,9.9847,4.6575,-6.0703,0.15291,9.7401,-7.8807,-0.15291,2.1529,5.1529
0,-8.3738,16.785,-47.583,-30.798,-8.3738,0,0,-26.472,49.585,23.113,-8.3738,0,0,-8,3,2.152905199,3.99235474,-1.512232416,8.98471,3.157492355,-4.570336391,4.152905199,7.240061162,-2.380733945,-1.152905199,1.652905199,5.652905199,0,0,-3,0,0,0.15291,2.4924,1.9878,9.0214,5.6575,-6.0703,0.15291,9.7401,-6.8807,-0.15291,0.15291,5.1529,0,0,0,0,-5.1529,0,0,0.15291,2.4924,2.9878,9.9847,4.6575,-6.0703,0.15291,9.7401,-7.8807,-0.15291,2.1529,5.1529
0,-8.5119,16.672,-47.532,-30.86,-8.5119,0,0,-26.389,49.594,23.205,-8.5119,0,0,-8,3,2.152905199,3.99235474,-1.512232416,8.98471,3.157492355,-4.570336391,4.152905199,7.240061162,-2.380733945,-1.152905199,1.652905199,5.652905199,0,0,-3,0,0,0.15291,2.4924,1.9878,9.0214,5.6575,-6.0703,0.15291,9.7401,-6.8807,-0.15291,0.15291,5.1529,0,0,0,0,-5.1529,0,0,0.15291,2.4924,2.9878,9.9847,4.6575,-6.0703,0.15291,9.7401,-7.8807,-0.15291,2.1529,5.1529
0,-8.6415,16.558,-47.48,-30.922,-8.6415,0,0,-26.305,49.602,23.297,-8.6415,0,0,-8,3,2.152905199,3.99235474,-1.512232416,8.98471,3.157492355,-4.570336391,4.152905199,7.240061162,-2.380733945,-1.152905199,1.652905199,5.652905199,0,0,-3,0,0,0.15291,2.4924,1.9878,9.0214,5.6575,-6.0703,0.15291,9.7401,-6.8807,-0.15291,0.15291,5.1529,0,0,0,0,-5.1529,0,0,0.15291,2.4924,2.9878,9.9847,4.6575,-6.0703,0.15291,9.7401,-7.8807,-0.15291,2.1529,5.1529
0,-8.7624,16.445,-47.428,-30.983,-8.7624,0,0,-26.221,49.61,23.388,-8.7624,0,0,-8,3,2.152905199,3.99235474,-1.512232416,8.98471,3.157492355,-4.570336391,4.152905199,7.240061162,-2.380733945,-1.152905199,1.652905199,5.652905199,0,0,-3,0,0,0.15291,2.4924,1.9878,9.0214,5.6575,-6.0703,0.15291,9.7401,-6.8807,-0.15291,0.15291,5.1529,0,0,0,0,-5.1529,0,0,0.15291,2.4924,2.9878,9.9847,4.6575,-6.0703,0.15291,9.7401,-7.8807,-0.15291,2.1529,5.1529
0,-8.8744,16.331,-47.375,-31.044,-8.8744,0,0,-26.137,49.616,23.479,-8.8744,0,0,-8,3,2.152905199,3.99235474,-1.512232416,8.98471,3.157492355,-4.570336391,4.152905199,7.240061162,-2.380733945,-1.152905199,1.652905199,5.652905199,0,0,-3,0,0,0.15291,2.4924,1.9878,9.0214,5.6575,-6.0703,0.15291,9.7401,-6.8807,-0.15291,0.15291,5.1529,0,0,0,0,-5.1529,0,0,0.15291,2.4924,2.9878,9.9847,4.6575,-6.0703,0.15291,9.7401,-7.8807,-0.15291,2.1529,5.1529
0,-8.9775,16.217,-47.321,-31.104,-8.9775,0,0,-26.053,49.623,23.57,-8.9775,0,0,-8,3,2.152905199,3.99235474,-1.512232416,8.98471,3.157492355,-4.570336391,4.152905199,7.240061162,-2.380733945,-1.152905199,1.652905199,5.652905199,0,0,-3,0,0,0.15291,2.4924,1.9878,9.0214,5.6575,-6.0703,0.15291,9.7401,-6.8807,-0.15291,0.15291,5.1529,0,0,0,0,-5.1529,0,0,0.15291,2.4924,2.9878,9.9847,4.6575,-6.0703,0.15291,9.7401,-7.8807,-0.15291,2.1529,5.1529
0,-9.0716,16.102,-47.267,-31.165,-9.0716,0,0,-25.968,49.629,23.661,-9.0716,0,0,-8,3,2.152905199,3.99235474,-1.512232416,8.98471,3.157492355,-4.570336391,4.152905199,7.240061162,-2.380733945,-1.152905199,1.652905199,5.652905199,0,0,-3,0,0,0.15291,2.4924,1.9878,9.0214,5.6575,-6.0703,0.15291,9.7401,-6.8807,-0.15291,0.15291,5.1529,0,0,0,0,-5.1529,0,0,0.15291,2.4924,2.9878,9.9847,4.6575,-6.0703,0.15291,9.7401,-7.8807,-0.15291,2.1529,5.1529
0,-9.1565,15.987,-47.212,-31.224,-9.1565,0,0,-25.883,49.634,23.751,-9.1565,0,0,-8,3,2.152905199,3.99235474,-1.512232416,8.98471,3.157492355,-4.570336391,4.152905199,7.240061162,-2.380733945,-1.152905199,1.652905199,5.652905199,0,0,-3,0,0,0.15291,2.4924,1.9878,9.0214,5.6575,-6.0703,0.15291,9.7401,-6.8807,-0.15291,0.15291,5.1529,0,0,0,0,-5.1529,0,0,0.15291,2.4924,2.9878,9.9847,4.6575,-6.0703,0.15291,9.7401,-7.8807,-0.15291,2.1529,5.1529
0,-9.2322,15.872,-47.156,-31.284,-9.2322,0,0,-25.798,49.639,23.841,-9.2322,0,0,-8,3,2.152905199,3.99235474,-1.512232416,8.98471,3.157492355,-4.570336391,4.152905199,7.240061162,-2.380733945,-1.152905199,1.652905199,5.652905199,0,0,-3,0,0,0.15291,2.4924,1.9878,9.0214,5.6575,-6.0703,0.15291,9.7401,-6.8807,-0.15291,0.15291,5.1529,0,0,0,0,-5.1529,0,0,0.15291,2.4924,2.9878,9.9847,4.6575,-6.0703,0.15291,9.7401,-7.8807,-0.15291,2.1529,5.1529
0,-9.2986,15.757,-47.1,-31.343,-9.2986,0,0,-25.712,49.643,23.931,-9.2986,0,0,-8,3,2.152905199,3.99235474,-1.512232416,8.98471,3.157492355,-4.570336391,4.152905199,7.240061162,-2.380733945,-1.152905199,1.652905199,5.652905199,0,0,-3,0,0,0.15291,2.4924,1.9878,9.0214,5.6575,-6.0703,0.15291,9.7401,-6.8807,-0.15291,0.15291,5.1529,0,0,0,0,-5.1529,0,0,0.15291,2.4924,2.9878,9.9847,4.6575,-6.0703,0.15291,9.7401,-7.8807,-0.15291,2.1529,5.1529
0,-9.3557,15.641,-47.043,-31.402,-9.3557,0,0,-25.626,49.646,24.02,-9.3557,0,0,-8,3,2.152905199,3.99235474,-1.512232416,8.98471,3.157492355,-4.570336391,4.152905199,7.240061162,-2.380733945,-1.152905199,1.652905199,5.652905199,0,0,-3,0,0,0.15291,2.4924,1.9878,9.0214,5.6575,-6.0703,0.15291,9.7401,-6.8807,-0.15291,0.15291,5.1529,0,0,0,0,-5.1529,0,0,0.15291,2.4924,2.9878,9.9847,4.6575,-6.0703,0.15291,9.7401,-7.8807,-0.15291,2.1529,5.1529
0,-9.4033,15.525,-46.985,-31.46,-9.4033,0,0,-25.54,49.649,24.109,-9.4033,0,0,-8,3,2.152905199,3.99235474,-1.512232416,8.98471,3.157492355,-4.570336391,4.152905199,7.240061162,-2.380733945,-1.152905199,1.652905199,5.652905199,0,0,-3,0,0,0.15291,2.4924,1.9878,9.0214,5.6575,-6.0703,0.15291,9.7401,-6.8807,-0.15291,0.15291,5.1529,0,0,0,0,-5.1529,0,0,0.15291,2.4924,2.9878,9.9847,4.6575,-6.0703,0.15291,9.7401,-7.8807,-0.15291,2.1529,5.1529
0,-9.4415,15.409,-46.927,-31.518,-9.4415,0,0,-25.453,49.651,24.198,-9.4415,0,0,-8,3,2.152905199,3.99235474,-1.512232416,8.98471,3.157492355,-4.570336391,4.152905199,7.240061162,-2.380733945,-1.152905199,1.652905199,5.652905199,0,0,-3,0,0,0.15291,2.4924,1.9878,9.0214,5.6575,-6.0703,0.15291,9.7401,-6.8807,-0.15291,0.15291,5.1529,0,0,0,0,-5.1529,0,0,0.15291,2.4924,2.9878,9.9847,4.6575,-6.0703,0.15291,9.7401,-7.8807,-0.15291,2.1529,5.1529
0,-9.4701,15.292,-46.868,-31.576,-9.4701,0,0,-25.367,49.653,24.287,-9.4701,0,0,-8,3,2.152905199,3.99235474,-1.512232416,8.98471,3.157492355,-4.570336391,4.152905199,7.240061162,-2.380733945,-1.152905199,1.652905199,5.652905199,0,0,-3,0,0,0.15291,2.4924,1.9878,9.0214,5.6575,-6.0703,0.15291,9.7401,-6.8807,-0.15291,0.15291,5.1529,0,0,0,0,-5.1529,0,0,0.15291,2.4924,2.9878,9.9847,4.6575,-6.0703,0.15291,9.7401,-7.8807,-0.15291,2.1529,5.1529
0,-9.4892,15.175,-46.808,-31.633,-9.4892,0,0,-25.279,49.654,24.375,-9.4892,0,0,-8,3,2.152905199,3.99235474,-1.512232416,8.98471,3.157492355,-4.570336391,4.152905199,7.240061162,-2.380733945,-1.152905199,1.652905199,5.652905199,0,0,-3,0,0,0.15291,2.4924,1.9878,9.0214,5.6575,-6.0703,0.15291,9.7401,-6.8807,-0.15291,0.15291,5.1529,0,0,0,0,-5.1529,0,0,0.15291,2.4924,2.9878,9.9847,4.6575,-6.0703,0.15291,9.7401,-7.8807,-0.15291,2.1529,5.1529
0,-9.4988,15.058,-46.747,-31.69,-9.4988,0,0,-25.192,49.655,24.463,-9.4988,0,0,-8,3,2.152905199,3.99235474,-1.512232416,8.98471,3.157492355,-4.570336391,4.152905199,7.240061162,-2.380733945,-1.152905199,1.652905199,5.652905199,0,0,-3,0,0,0.15291,2.4924,1.9878,9.0214,5.6575,-6.0703,0.15291,9.7401,-6.8807,-0.15291,0.15291,5.1529,0,0,0,0,-5.1529,0,0,0.15291,2.4924,2.9878,9.9847,4.6575,-6.0703,0.15291,9.7401,-7.8807,-0.15291,2.1529,5.1529
0,-9.4988,15.05771401,-46.74740812,-31.68969412,-9.4988,0,0,-25.192,49.655,24.463,-9.4988,0,0,-8,3,2.152905199,3.99235474,-1.512232416,8.98471,3.157492355,-4.570336391,4.152905199,7.240061162,-2.380733945,-1.152905199,1.652905199,5.652905199,0,0,-3,0,0,0,0,0,0,0,0,0,0,0,0,0,0,0,0,0,0,0,0,0,0,0,0,0,0,0,0,0,0,0,0,0
0,-9.4892,15.35296044,-46.99607126,-31.64311083,-9.4892,0,0,-25.192,49.655,24.463,-9.4892,0,0,-8,3,2.152905199,3.99235474,-1.512232416,8.98471,3.157492355,-4.570336391,4.152905199,7.240061162,-2.380733945,-1.152905199,1.652905199,5.652905199,0,0,-3,0,0,0,0,0,0,0,0,0,0,0,0,0,0,0,0,0,0,0,0,0,0,0,0,0,0,0,0,0,0,0,0,0
0,-9.4701,15.76695081,-47.4941267,-31.7271759,-9.4701,0,0,-25.192,49.655,24.463,-9.4701,0,0,-8,3,2.152905199,3.99235474,-1.512232416,8.98471,3.157492355,-4.570336391,4.152905199,7.240061162,-2.380733945,-1.152905199,1.652905199,5.652905199,0,0,-3,0,0,0,0,0,0,0,0,0,0,0,0,0,0,0,0,0,0,0,0,0,0,0,0,0,0,0,0,0,0,0,0,0
0,-9.4415,16.29366812,-48.22845045,-31.93478232,-9.4415,0,0,-25.192,49.655,24.463,-9.4415,0,0,-8,3,2.152905199,3.99235474,-1.512232416,8.98471,3.157492355,-4.570336391,4.152905199,7.240061162,-2.380733945,-1.152905199,1.652905199,5.652905199,0,0,-3,0,0,0,0,0,0,0,0,0,0,0,0,0,0,0,0,0,0,0,0,0,0,0,0,0,0,0,0,0,0,0,0,0
0,-9.4033,16.9238824,-49.17941829,-32.25553589,-9.4033,0,0,-25.192,49.655,24.463,-9.4033,0,0,-8,3,2.152905199,3.99235474,-1.512232416,8.98471,3.157492355,-4.570336391,4.152905199,7.240061162,-2.380733945,-1.152905199,1.652905199,5.652905199,0,0,-3,0,0,0,0,0,0,0,0,0,0,0,0,0,0,0,0,0,0,0,0,0,0,0,0,0,0,0,0,0,0,0,0,0
0,-9.3557,17.64588061,-50.32236455,-32.67648393,-9.3557,0,0,-25.192,49.655,24.463,-9.3557,0,0,-8,3,2.152905199,3.99235474,-1.512232416,8.98471,3.157492355,-4.570336391,4.152905199,7.240061162,-2.380733945,-1.152905199,1.652905199,5.652905199,0,0,-3,0,0,0,0,0,0,0,0,0,0,0,0,0,0,0,0,0,0,0,0,0,0,0,0,0,0,0,0,0,0,0,0,0
0,-9.2986,18.4462613,-51.62916857,-33.18290727,-9.2986,0,0,-25.192,49.655,24.463,-9.2986,0,0,-8,3,2.152905199,3.99235474,-1.512232416,8.98471,3.157492355,-4.570336391,4.152905199,7.240061162,-2.380733945,-1.152905199,1.652905199,5.652905199,0,0,-3,0,0,0,0,0,0,0,0,0,0,0,0,0,0,0,0,0,0,0,0,0,0,0,0,0,0,0,0,0,0,0,0,0
0,-9.2322,19.31068762,-53.06975963,-33.75907201,-9.2322,0,0,-25.192,49.655,24.463,-9.2322,0,0,-8,3,2.152905199,3.99235474,-1.512232416,8.98471,3.157492355,-4.570336391,4.152905199,7.240061162,-2.380733945,-1.152905199,1.652905199,5.652905199,0,0,-3,0,0,0,0,0,0,0,0,0,0,0,0,0,0,0,0,0,0,0,0,0,0,0,0,0,0,0,0,0,0,0,0,0
0,-9.1565,20.22452825,-54.61340139,-34.38887314,-9.1565,0,0,-25.192,49.655,24.463,-9.1565,0,0,-8,3,2.152905199,3.99235474,-1.512232416,8.98471,3.157492355,-4.570336391,4.152905199,7.240061162,-2.380733945,-1.152905199,1.652905199,5.652905199,0,0,-3,0,0,0,0,0,0,0,0,0,0,0,0,0,0,0,0,0,0,0,0,0,0,0,0,0,0,0,0,0,0,0,0,0
0,-9.0716,21.17335467,-56.22969433,-35.05633966,-9.0716,0,0,-25.192,49.655,24.463,-9.0716,0,0,-8,3,2.152905199,3.99235474,-1.512232416,8.98471,3.157492355,-4.570336391,4.152905199,7.240061162,-2.380733945,-1.152905199,1.652905199,5.652905199,0,0,-3,0,0,0,0,0,0,0,0,0,0,0,0,0,0,0,0,0,0,0,0,0,0,0,0,0,0,0,0,0,0,0,0,0
0,-8.9775,22.14329428,-57.88929565,-35.74600137,-8.9775,0,0,-25.192,49.655,24.463,-8.9775,0,0,-8,3,2.152905199,3.99235474,-1.512232416,8.98471,3.157492355,-4.570336391,4.152905199,7.240061162,-2.380733945,-1.152905199,1.652905199,5.652905199,0,0,-3,0,0,0,0,0,0,0,0,0,0,0,0,0,0,0,0,0,0,0,0,0,0,0,0,0,0,0,0,0,0,0,0,0
0,-8.8744,23.12125794,-59.56439405,-36.44313611,-8.8744,0,0,-25.192,49.655,24.463,-8.8744,0,0,-8,3,2.152905199,3.99235474,-1.512232416,8.98471,3.157492355,-4.570336391,4.152905199,7.240061162,-2.380733945,-1.152905199,1.652905199,5.652905199,0,0,-3,0,0,0,0,0,0,0,0,0,0,0,0,0,0,0,0,0,0,0,0,0,0,0,0,0,0,0,0,0,0,0,0,0
0,-8.7624,24.0950685,-61.22899231,-37.13392381,-8.7624,0,0,-25.192,49.655,24.463,-8.7624,0,0,-8,3,2.152905199,3.99235474,-1.512232416,8.98471,3.157492355,-4.570336391,4.152905199,7.240061162,-2.380733945,-1.152905199,1.652905199,5.652905199,0,0,-3,0,0,0,0,0,0,0,0,0,0,0,0,0,0,0,0,0,0,0,0,0,0,0,0,0,0,0,0,0,0,0,0,0
0,-8.6415,25.05351761,-62.85905161,-37.80553401,-8.6415,0,0,-25.192,49.655,24.463,-8.6415,0,0,-8,3,2.152905199,3.99235474,-1.512232416,8.98471,3.157492355,-4.570336391,4.152905199,7.240061162,-2.380733945,-1.152905199,1.652905199,5.652905199,0,0,-3,0,0,0,0,0,0,0,0,0,0,0,0,0,0,0,0,0,0,0,0,0,0,0,0,0,0,0,0,0,0,0,0,0
0,-8.5119,25.98637427,-64.43254409,-38.44616982,-8.5119,0,0,-25.192,49.655,24.463,-8.5119,0,0,-8,3,2.152905199,3.99235474,-1.512232416,8.98471,3.157492355,-4.570336391,4.152905199,7.240061162,-2.380733945,-1.152905199,1.652905199,5.652905199,0,0,-3,0,0,0,0,0,0,0,0,0,0,0,0,0,0,0,0,0,0,0,0,0,0,0,0,0,0,0,0,0,0,0,0,0
0,-8.3738,26.88436401,-65.92945011,-39.0450861,-8.3738,0,0,-25.192,49.655,24.463,-8.3738,0,0,-8,3,2.152905199,3.99235474,-1.512232416,8.98471,3.157492355,-4.570336391,4.152905199,7.240061162,-2.380733945,-1.152905199,1.652905199,5.652905199,0,0,-3,0,0,0,0,0,0,0,0,0,0,0,0,0,0,0,0,0,0,0,0,0,0,0,0,0,0,0,0,0,0,0,0,0
0,-8.2272,27.73913226,-67.3317263,-39.59259405,-8.2272,0,0,-25.192,49.655,24.463,-8.2272,0,0,-8,3,2.152905199,3.99235474,-1.512232416,8.98471,3.157492355,-4.570336391,4.152905199,7.240061162,-2.380733945,-1.152905199,1.652905199,5.652905199,0,0,-3,0,0,0,0,0,0,0,0,0,0,0,0,0,0,0,0,0,0,0,0,0,0,0,0,0,0,0,0,0,0,0,0,0
0,-8.0724,28.54320155,-68.62326198,-40.08006043,-8.0724,0,0,-25.192,49.655,24.463,-8.0724,0,0,-8,3,2.152905199,3.99235474,-1.512232416,8.98471,3.157492355,-4.570336391,4.152905199,7.240061162,-2.380733945,-1.152905199,1.652905199,5.652905199,0,0,-3,0,0,0,0,0,0,0,0,0,0,0,0,0,0,0,0,0,0,0,0,0,0,0,0,0,0,0,0,0,0,0,0,0
0,-7.9094,29.2899292,-69.78983485,-40.49990566,-7.9094,0,0,-25.192,49.655,24.463,-7.9094,0,0,-8,3,2.152905199,3.99235474,-1.512232416,8.98471,3.157492355,-4.570336391,4.152905199,7.240061162,-2.380733945,-1.152905199,1.652905199,5.652905199,0,0,-3,0,0,0,0,0,0,0,0,0,0,0,0,0,0,0,0,0,0,0,0,0,0,0,0,0,0,0,0,0,0,0,0,0
0,-7.7385,29.97346945,-70.81907214,-40.84560269,-7.7385,0,0,-25.192,49.655,24.463,-7.7385,0,0,-8,3,2.152905199,3.99235474,-1.512232416,8.98471,3.157492355,-4.570336391,4.152905199,7.240061162,-2.380733945,-1.152905199,1.652905199,5.652905199,0,0,-3,0,0,0,0,0,0,0,0,0,0,0,0,0,0,0,0,0,0,0,0,0,0,0,0,0,0,0,0,0,0,0,0,0
0,-7.5597,30.58874289,-71.70041967,-41.11167679,-7.5597,0,0,-25.192,49.655,24.463,-7.5597,0,0,-8,3,2.152905199,3.99235474,-1.512232416,8.98471,3.157492355,-4.570336391,4.152905199,7.240061162,-2.380733945,-1.152905199,1.652905199,5.652905199,0,0,-3,0,0,0,0,0,0,0,0,0,0,0,0,0,0,0,0,0,0,0,0,0,0,0,0,0,0,0,0,0,0,0,0,0
0,-7.3734,31.1314146,-72.42511982,-41.29370522,-7.3734,0,0,-25.192,49.655,24.463,-7.3734,0,0,-8,3,2.152905199,3.99235474,-1.512232416,8.98471,3.157492355,-4.570336391,4.152905199,7.240061162,-2.380733945,-1.152905199,1.652905199,5.652905199,0,0,-3,0,0,0,0,0,0,0,0,0,0,0,0,0,0,0,0,0,0,0,0,0,0,0,0,0,0,0,0,0,0,0,0,0
0,-7.1796,31.59788182,-72.98619736,-41.38831554,-7.1796,0,0,-25.192,49.655,24.463,-7.1796,0,0,-8,3,2.152905199,3.99235474,-1.512232416,8.98471,3.157492355,-4.570336391,4.152905199,7.240061162,-2.380733945,-1.152905199,1.652905199,5.652905199,0,0,-3,0,0,0,0,0,0,0,0,0,0,0,0,0,0,0,0,0,0,0,0,0,0,0,0,0,0,0,0,0,0,0,0,0
0,-6.9786,31.98527126,-73.37845206,-41.3931808,-6.9786,0,0,-25.192,49.655,24.463,-6.9786,0,0,-8,3,2.152905199,3.99235474,-1.512232416,8.98471,3.157492355,-4.570336391,4.152905199,7.240061162,-2.380733945,-1.152905199,1.652905199,5.652905199,0,0,-3,0,0,0,0,0,0,0,0,0,0,0,0,0,0,0,0,0,0,0,0,0,0,0,0,0,0,0,0,0,0,0,0,0
0,-6.7706,32.29144574,-73.59845635,-41.30701061,-6.7706,0,0,-25.192,49.655,24.463,-6.7706,0,0,-8,3,2.152905199,3.99235474,-1.512232416,8.98471,3.157492355,-4.570336391,4.152905199,7.240061162,-2.380733945,-1.152905199,1.652905199,5.652905199,0,0,-3,0,0,0,0,0,0,0,0,0,0,0,0,0,0,0,0,0,0,0,0,0,0,0,0,0,0,0,0,0,0,0,0,0
0,-6.5558,32.51501942,-73.64455664,-41.12953722,-6.5558,0,0,-25.192,49.655,24.463,-6.5558,0,0,-8,3,2.152905199,3.99235474,-1.512232416,8.98471,3.157492355,-4.570336391,4.152905199,7.240061162,-2.380733945,-1.152905199,1.652905199,5.652905199,0,0,-3,0,0,0,0,0,0,0,0,0,0,0,0,0,0,0,0,0,0,0,0,0,0,0,0,0,0,0,0,0,0,0,0,0
0,-6.3343,32.65538029,-73.51687705,-40.86149676,-6.3343,0,0,-25.192,49.655,24.463,-6.3343,0,0,-8,3,2.152905199,3.99235474,-1.512232416,8.98471,3.157492355,-4.570336391,4.152905199,7.240061162,-2.380733945,-1.152905199,1.652905199,5.652905199,0,0,-3,0,0,0,0,0,0,0,0,0,0,0,0,0,0,0,0,0,0,0,0,0,0,0,0,0,0,0,0,0,0,0,0,0
0,-6.1065,32.7127187,-73.2173247,-40.50460601,-6.1065,0,0,-25.192,49.655,24.463,-6.1065,0,0,-8,3,2.152905199,3.99235474,-1.512232416,8.98471,3.157492355,-4.570336391,4.152905199,7.240061162,-2.380733945,-1.152905199,1.652905199,5.652905199,0,0,-3,0,0,0,0,0,0,0,0,0,0,0,0,0,0,0,0,0,0,0,0,0,0,0,0,0,0,0,0,0,0,0,0,0
0,-5.8725,32.68806017,-72.74959636,-40.0615362,-5.8725,0,0,-25.192,49.655,24.463,-5.8725,0,0,-8,3,2.152905199,3.99235474,-1.512232416,8.98471,3.157492355,-4.570336391,4.152905199,7.240061162,-2.380733945,-1.152905199,1.652905199,5.652905199,0,0,-3,0,0,0,0,0,0,0,0,0,0,0,0,0,0,0,0,0,0,0,0,0,0,0,0,0,0,0,0,0,0,0,0,0
0,-5.6326,32.58330096,-72.11918652,-39.53588556,-5.6326,0,0,-25.192,49.655,24.463,-5.6326,0,0,-8,3,2.152905199,3.99235474,-1.512232416,8.98471,3.157492355,-4.570336391,4.152905199,7.240061162,-2.380733945,-1.152905199,1.652905199,5.652905199,0,0,-3,0,0,0,0,0,0,0,0,0,0,0,0,0,0,0,0,0,0,0,0,0,0,0,0,0,0,0,0,0,0,0,0,0
0,-5.3871,32.40124484,-71.33339751,-38.93215267,-5.3871,0,0,-25.192,49.655,24.463,-5.3871,0,0,-8,3,2.152905199,3.99235474,-1.512232416,8.98471,3.157492355,-4.570336391,4.152905199,7.240061162,-2.380733945,-1.152905199,1.652905199,5.652905199,0,0,-3,0,0,0,0,0,0,0,0,0,0,0,0,0,0,0,0,0,0,0,0,0,0,0,0,0,0,0,0,0,0,0,0,0
0,-5.1361,32.14563978,-70.40135246,-38.25571268,-5.1361,0,0,-25.192,49.655,24.463,-5.1361,0,0,-8,3,2.152905199,3.99235474,-1.512232416,8.98471,3.157492355,-4.570336391,4.152905199,7.240061162,-2.380733945,-1.152905199,1.652905199,5.652905199,0,0,-3,0,0,0,0,0,0,0,0,0,0,0,0,0,0,0,0,0,0,0,0,0,0,0,0,0,0,0,0,0,0,0,0,0
0,-4.8799,31.82121356,-69.33401204,-37.51279848,-4.8799,0,0,-25.192,49.655,24.463,-4.8799,0,0,-8,3,2.152905199,3.99235474,-1.512232416,8.98471,3.157492355,-4.570336391,4.152905199,7.240061162,-2.380733945,-1.152905199,1.652905199,5.652905199,0,0,-3,0,0,0,0,0,0,0,0,0,0,0,0,0,0,0,0,0,0,0,0,0,0,0,0,0,0,0,0,0,0,0,0,0
0,-4.6189,31.43370741,-68.14419547,-36.71048806,-4.6189,0,0,-25.192,49.655,24.463,-4.6189,0,0,-8,3,2.152905199,3.99235474,-1.512232416,8.98471,3.157492355,-4.570336391,4.152905199,7.240061162,-2.380733945,-1.152905199,1.652905199,5.652905199,0,0,-3,0,0,0,0,0,0,0,0,0,0,0,0,0,0,0,0,0,0,0,0,0,0,0,0,0,0,0,0,0,0,0,0,0
0,-4.3532,30.98990677,-66.84660543,-35.85669866,-4.3532,0,0,-25.192,49.655,24.463,-4.3532,0,0,-8,3,2.152905199,3.99235474,-1.512232416,8.98471,3.157492355,-4.570336391,4.152905199,7.240061162,-2.380733945,-1.152905199,1.652905199,5.652905199,0,0,-3,0,0,0,0,0,0,0,0,0,0,0,0,0,0,0,0,0,0,0,0,0,0,0,0,0,0,0,0,0,0,0,0,0
0,-4.0831,30.49766813,-65.45785534,-34.96018721,-4.0831,0,0,-25.192,49.655,24.463,-4.0831,0,0,-8,3,2.152905199,3.99235474,-1.512232416,8.98471,3.157492355,-4.570336391,4.152905199,7.240061162,-2.380733945,-1.152905199,1.652905199,5.652905199,0,0,-3,0,0,0,0,0,0,0,0,0,0,0,0,0,0,0,0,0,0,0,0,0,0,0,0,0,0,0,0,0,0,0,0,0
0,-3.8088,29.96593961,-63.99649446,-34.03055485,-3.8088,0,0,-25.192,49.655,24.463,-3.8088,0,0,-8,3,2.152905199,3.99235474,-1.512232416,8.98471,3.157492355,-4.570336391,4.152905199,7.240061162,-2.380733945,-1.152905199,1.652905199,5.652905199,0,0,-3,0,0,0,0,0,0,0,0,0,0,0,0,0,0,0,0,0,0,0,0,0,0,0,0,0,0,0,0,0,0,0,0,0
0,-3.5308,29.40477203,-62.48302325,-33.07825122,-3.5308,0,0,-25.192,49.655,24.463,-3.5308,0,0,-8,3,2.152905199,3.99235474,-1.512232416,8.98471,3.157492355,-4.570336391,4.152905199,7.240061162,-2.380733945,-1.152905199,1.652905199,5.652905199,0,0,-3,0,0,0,0,0,0,0,0,0,0,0,0,0,0,0,0,0,0,0,0,0,0,0,0,0,0,0,0,0,0,0,0,0
0,-3.2492,28.82531453,-60.93988628,-32.11457175,-3.2492,0,0,-25.192,49.655,24.463,-3.2492,0,0,-8,3,2.152905199,3.99235474,-1.512232416,8.98471,3.157492355,-4.570336391,4.152905199,7.240061162,-2.380733945,-1.152905199,1.652905199,5.652905199,0,0,-3,0,0,0,0,0,0,0,0,0,0,0,0,0,0,0,0,0,0,0,0,0,0,0,0,0,0,0,0,0,0,0,0,0
0,-2.9643,28.23978574,-59.39142346,-31.15163772,-2.9643,0,0,-25.192,49.655,24.463,-2.9643,0,0,-8,3,2.152905199,3.99235474,-1.512232416,8.98471,3.157492355,-4.570336391,4.152905199,7.240061162,-2.380733945,-1.152905199,1.652905199,5.652905199,0,0,-3,0,0,0,0,0,0,0,0,0,0,0,0,0,0,0,0,0,0,0,0,0,0,0,0,0,0,0,0,0,0,0,0,0
0,-2.6765,27.66140791,-57.86375295,-30.20234503,-2.6765,0,0,-25.192,49.655,24.463,-2.6765,0,0,-8,3,2.152905199,3.99235474,-1.512232416,8.98471,3.157492355,-4.570336391,4.152905199,7.240061162,-2.380733945,-1.152905199,1.652905199,5.652905199,0,0,-3,0,0,0,0,0,0,0,0,0,0,0,0,0,0,0,0,0,0,0,0,0,0,0,0,0,0,0,0,0,0,0,0,0
0,-2.3859,27.10428713,-56.38455105,-29.28026392,-2.3859,0,0,-25.192,49.655,24.463,-2.3859,0,0,-8,3,2.152905199,3.99235474,-1.512232416,8.98471,3.157492355,-4.570336391,4.152905199,7.240061162,-2.380733945,-1.152905199,1.652905199,5.652905199,0,0,-3,0,0,0,0,0,0,0,0,0,0,0,0,0,0,0,0,0,0,0,0,0,0,0,0,0,0,0,0,0,0,0,0,0
0,-2.093,26.58321933,-54.98268767,-28.39946834,-2.093,0,0,-25.192,49.655,24.463,-2.093,0,0,-8,3,2.152905199,3.99235474,-1.512232416,8.98471,3.157492355,-4.570336391,4.152905199,7.240061162,-2.380733945,-1.152905199,1.652905199,5.652905199,0,0,-3,0,0,0,0,0,0,0,0,0,0,0,0,0,0,0,0,0,0,0,0,0,0,0,0,0,0,0,0,0,0,0,0,0
0,-1.7979,26.11340087,-53.68767418,-27.57427331,-1.7979,0,0,-25.192,49.655,24.463,-1.7979,0,0,-8,3,2.152905199,3.99235474,-1.512232416,8.98471,3.157492355,-4.570336391,4.152905199,7.240061162,-2.380733945,-1.152905199,1.652905199,5.652905199,0,0,-3,0,0,0,0,0,0,0,0,0,0,0,0,0,0,0,0,0,0,0,0,0,0,0,0,0,0,0,0,0,0,0,0,0
0,-1.501,25.71002592,-52.52888778,-26.81886187,-1.501,0,0,-25.192,49.655,24.463,-1.501,0,0,-8,3,2.152905199,3.99235474,-1.512232416,8.98471,3.157492355,-4.570336391,4.152905199,7.240061162,-2.380733945,-1.152905199,1.652905199,5.652905199,0,0,-3,0,0,0,0,0,0,0,0,0,0,0,0,0,0,0,0,0,0,0,0,0,0,0,0,0,0,0,0,0,0,0,0,0
0,-1.2026,25.38776351,-51.53455788,-26.14679436,-1.2026,0,0,-25.192,49.655,24.463,-1.2026,0,0,-8,3,2.152905199,3.99235474,-1.512232416,8.98471,3.157492355,-4.570336391,4.152905199,7.240061162,-2.380733945,-1.152905199,1.652905199,5.652905199,0,0,-3,0,0,0,0,0,0,0,0,0,0,0,0,0,0,0,0,0,0,0,0,0,0,0,0,0,0,0,0,0,0,0,0,0
0,-0.90303,25.16012697,-50.73053889,-25.57041191,-0.90303,0,0,-25.192,49.655,24.463,-0.90303,0,0,-8,3,2.152905199,3.99235474,-1.512232416,8.98471,3.157492355,-4.570336391,4.152905199,7.240061162,-2.380733945,-1.152905199,1.652905199,5.652905199,0,0,-3,0,0,0,0,0,0,0,0,0,0,0,0,0,0,0,0,0,0,0,0,0,0,0,0,0,0,0,0,0,0,0,0,0
0,-0.60253,25.0387754,-50.13894832,-25.10017292,-0.60253,0,0,-25.192,49.655,24.463,-0.60253,0,0,-8,3,2.152905199,3.99235474,-1.512232416,8.98471,3.157492355,-4.570336391,4.152905199,7.240061162,-2.380733945,-1.152905199,1.652905199,5.652905199,0,0,-3,0,0,0,0,0,0,0,0,0,0,0,0,0,0,0,0,0,0,0,0,0,0,0,0,0,0,0,0,0,0,0,0,0
0,-0.30142,25.03281691,-49.77680765,-24.74399075,-0.30142,0,0,-25.192,49.655,24.463,-0.30142,0,0,-8,3,2.152905199,3.99235474,-1.512232416,8.98471,3.157492355,-4.570336391,4.152905199,7.240061162,-2.380733945,-1.152905199,1.652905199,5.652905199,0,0,-3,0,0,0,0,0,0,0,0,0,0,0,0,0,0,0,0,0,0,0,0,0,0,0,0,0,0,0,0,0,0,0,0,0
0,0,25.14820541,-49.65486786,-24.50666245,0,0,0,-25.192,49.655,24.463,0,0,0,-8,3,2.152905199,3.99235474,-1.512232416,8.98471,3.157492355,-4.570336391,4.152905199,7.240061162,-2.380733945,-1.152905199,1.652905199,5.652905199,0,0,-3,0,0,0,0,0,0,0,0,0,0,0,0,0,0,0,0,0,0,0,0,0,0,0,0,0,0,0,0,0,0,0,0,0
0,0,25.148,-49.655,-24.507,0,0,0,-25.192,49.655,24.463,0,0,0,-8,3,2.152905199,3.99235474,-1.512232416,8.98471,3.157492355,-4.570336391,4.152905199,7.240061162,-2.380733945,-1.152905199,1.652905199,5.652905199,0,0,-3,0,0,0,0,0,0,0,0,0,0,0,0,0,0,0,0,0,0,0,0,0,0,0,0,0,0,0,0,0,0,0,0,0
0,0,25.148,-49.655,-24.507,0,0,0,-25.192,49.655,24.463,0,0,0,-8,3,2.152905199,3.99235474,-1.512232416,8.98471,3.157492355,-4.570336391,4.152905199,7.240061162,-2.380733945,-1.152905199,1.652905199,5.652905199,0,0,-3,0,,,,,,,,,,,,,,,,,,,,,,,,,,,,,,,,
0,0,25.148,-49.655,-24.507,0,0,0,-25.192,49.655,24.463,0,0,0,-8,3,2.152905199,3.99235474,-1.512232416,8.98471,3.157492355,-4.570336391,4.152905199,7.240061162,-2.380733945,-1.152905199,1.652905199,5.652905199,0,0,-3,0,,,,,,,,,,,,,,,,,,,,,,,,,,,,,,,,
0,0,25.148,-49.655,-24.507,0,0,0,-25.192,49.655,24.463,0,0,0,-8,3,2.152905199,3.99235474,-1.512232416,8.98471,3.157492355,-4.570336391,4.152905199,7.240061162,-2.380733945,-1.152905199,1.652905199,5.652905199,0,0,-3,0,,,,,,,,,,,,,,,,,,,,,,,,,,,,,,,,
0,0,25.148,-49.655,-24.507,0,0,0,-25.192,49.655,24.463,0,0,0,-8,3,2.152905199,3.99235474,-1.512232416,8.98471,3.157492355,-4.570336391,4.152905199,7.240061162,-2.380733945,-1.152905199,1.652905199,5.652905199,0,0,-3,0,,,,,,,,,,,,,,,,,,,,,,,,,,,,,,,,
0,0,25.148,-49.655,-24.507,0,0,0,-25.192,49.655,24.463,0,0,0,-8,3,2.152905199,3.99235474,-1.512232416,8.98471,3.157492355,-4.570336391,4.152905199,7.240061162,-2.380733945,-1.152905199,1.652905199,5.652905199,0,0,-3,0,,,,,,,,,,,,,,,,,,,,,,,,,,,,,,,,
0,0,25.148,-49.655,-24.507,0,0,0,-25.192,49.655,24.463,0,0,0,-8,3,2.152905199,3.99235474,-1.512232416,8.98471,3.157492355,-4.570336391,4.152905199,7.240061162,-2.380733945,-1.152905199,1.652905199,5.652905199,0,0,-3,0,,,,,,,,,,,,,,,,,,,,,,,,,,,,,,,,
0,0,25.148,-49.655,-24.507,0,0,0,-25.192,49.655,24.463,0,0,0,-8,3,2.152905199,3.99235474,-1.512232416,8.98471,3.157492355,-4.570336391,4.152905199,7.240061162,-2.380733945,-1.152905199,1.652905199,5.652905199,0,0,-3,0,,,,,,,,,,,,,,,,,,,,,,,,,,,,,,,,
0,0,25.148,-49.655,-24.507,0,0,0,-25.192,49.655,24.463,0,0,0,-8,3,2.152905199,3.99235474,-1.512232416,8.98471,3.157492355,-4.570336391,4.152905199,7.240061162,-2.380733945,-1.152905199,1.652905199,5.652905199,0,0,-3,0,,,,,,,,,,,,,,,,,,,,,,,,,,,,,,,,
0,0,25.148,-49.655,-24.507,0,0,0,-25.192,49.655,24.463,0,0,0,-8,3,2.152905199,3.99235474,-1.512232416,8.98471,3.157492355,-4.570336391,4.152905199,7.240061162,-2.380733945,-1.152905199,1.652905199,5.652905199,0,0,-3,0,,,,,,,,,,,,,,,,,,,,,,,,,,,,,,,,
0,0,25.148,-49.655,-24.507,0,0,0,-25.192,49.655,24.463,0,0,0,-8,3,2.152905199,3.99235474,-1.512232416,8.98471,3.157492355,-4.570336391,4.152905199,7.240061162,-2.380733945,-1.152905199,1.652905199,5.652905199,0,0,-3,0,,,,,,,,,,,,,,,,,,,,,,,,,,,,,,,,
0,0,25.148,-49.655,-24.507,0,0,0,-25.192,49.655,24.463,0,0,0,-8,3,2.152905199,3.99235474,-1.512232416,8.98471,3.157492355,-4.570336391,4.152905199,7.240061162,-2.380733945,-1.152905199,1.652905199,5.652905199,0,0,-3,0,,,,,,,,,,,,,,,,,,,,,,,,,,,,,,,,
0,0,25.148,-49.655,-24.507,0,0,0,-25.192,49.655,24.463,0,0,0,-8,3,2.152905199,3.99235474,-1.512232416,8.98471,3.157492355,-4.570336391,4.152905199,7.240061162,-2.380733945,-1.152905199,1.652905199,5.652905199,0,0,-3,0,,,,,,,,,,,,,,,,,,,,,,,,,,,,,,,,
0,0,25.148,-49.655,-24.507,0,0,0,-25.192,49.655,24.463,0,0,0,-8,3,2.152905199,3.99235474,-1.512232416,8.98471,3.157492355,-4.570336391,4.152905199,7.240061162,-2.380733945,-1.152905199,1.652905199,5.652905199,0,0,-3,0,,,,,,,,,,,,,,,,,,,,,,,,,,,,,,,,
0,0,25.148,-49.655,-24.507,0,0,0,-25.192,49.655,24.463,0,0,0,-8,3,2.152905199,3.99235474,-1.512232416,8.98471,3.157492355,-4.570336391,4.152905199,7.240061162,-2.380733945,-1.152905199,1.652905199,5.652905199,0,0,-3,0,,,,,,,,,,,,,,,,,,,,,,,,,,,,,,,,
0,0,25.148,-49.655,-24.507,0,0,0,-25.192,49.655,24.463,0,0,0,-8,3,2.152905199,3.99235474,-1.512232416,8.98471,3.157492355,-4.570336391,4.152905199,7.240061162,-2.380733945,-1.152905199,1.652905199,5.652905199,0,0,-3,0,,,,,,,,,,,,,,,,,,,,,,,,,,,,,,,,
0,0,25.148,-49.655,-24.507,0,0,0,-25.192,49.655,24.463,0,0,0,-8,3,2.152905199,3.99235474,-1.512232416,8.98471,3.157492355,-4.570336391,4.152905199,7.240061162,-2.380733945,-1.152905199,1.652905199,5.652905199,0,0,-3,0,,,,,,,,,,,,,,,,,,,,,,,,,,,,,,,,
0,0,25.148,-49.655,-24.507,0,0,0,-25.192,49.655,24.463,0,0,0,-8,3,2.152905199,3.99235474,-1.512232416,8.98471,3.157492355,-4.570336391,4.152905199,7.240061162,-2.380733945,-1.152905199,1.652905199,5.652905199,0,0,-3,0,,,,,,,,,,,,,,,,,,,,,,,,,,,,,,,,
0,0,25.148,-49.655,-24.507,0,0,0,-25.192,49.655,24.463,0,0,0,-8,3,2.152905199,3.99235474,-1.512232416,8.98471,3.157492355,-4.570336391,4.152905199,7.240061162,-2.380733945,-1.152905199,1.652905199,5.652905199,0,0,-3,0,,,,,,,,,,,,,,,,,,,,,,,,,,,,,,,,
0,0,25.148,-49.655,-24.507,0,0,0,-25.192,49.655,24.463,0,0,0,-8,3,2.152905199,3.99235474,-1.512232416,8.98471,3.157492355,-4.570336391,4.152905199,7.240061162,-2.380733945,-1.152905199,1.652905199,5.652905199,0,0,-3,0,,,,,,,,,,,,,,,,,,,,,,,,,,,,,,,,
,,,,,,,,,,,,,,-8,,,,,,,,,,,,,,,,,,,,,,,,,,,,,,,,,,,,,,,,,,,,,,,,,
,,,,,,,,,,,,,,-8,,,,,,,,,,,,,,,,,,,,,,,,,,,,,,,,,,,,,,,,,,,,,,,,,
,,,,,,,,,,,,,,-8,,,,,,,,,,,,,,,,,,,,,,,,,,,,,,,,,,,,,,,,,,,,,,,,,
,,,,,,,,,,,,,,-8,,,,,,,,,,,,,,,,,,,,,,,,,,,,,,,,,,,,,,,,,,,,,,,,,
,,,,,,,,,,,,,,-8,,,,,,,,,,,,,,,,,,,,,,,,,,,,,,,,,,,,,,,,,,,,,,,,,
,,,,,,,,,,,,,,-8,,,,,,,,,,,,,,,,,,,,,,,,,,,,,,,,,,,,,,,,,,,,,,,,,
,,,,,,,,,,,,,,-8,,,,,,,,,,,,,,,,,,,,,,,,,,,,,,,,,,,,,,,,,,,,,,,,,
,,,,,,,,,,,,,,-8,,,,,,,,,,,,,,,,,,,,,,,,,,,,,,,,,,,,,,,,,,,,,,,,,
,,,,,,,,,,,,,,-8,,,,,,,,,,,,,,,,,,,,,,,,,,,,,,,,,,,,,,,,,,,,,,,,,
,,,,,,,,,,,,,,-8,,,,,,,,,,,,,,,,,,,,,,,,,,,,,,,,,,,,,,,,,,,,,,,,,
,,,,,,,,,,,,,,-8,,,,,,,,,,,,,,,,,,,,,,,,,,,,,,,,,,,,,,,,,,,,,,,,,
,,,,,,,,,,,,,,-8,,,,,,,,,,,,,,,,,,,,,,,,,,,,,,,,,,,,,,,,,,,,,,,,,
,,,,,,,,,,,,,,-8,,,,,,,,,,,,,,,,,,,,,,,,,,,,,,,,,,,,,,,,,,,,,,,,,
,,,,,,,,,,,,,,-8,,,,,,,,,,,,,,,,,,,,,,,,,,,,,,,,,,,,,,,,,,,,,,,,,
,,,,,,,,,,,,,,-8,,,,,,,,,,,,,,,,,,,,,,,,,,,,,,,,,,,,,,,,,,,,,,,,,
,,,,,,,,,,,,,,-8,,,,,,,,,,,,,,,,,,,,,,,,,,,,,,,,,,,,,,,,,,,,,,,,,
,,,,,,,,,,,,,,-8,,,,,,,,,,,,,,,,,,,,,,,,,,,,,,,,,,,,,,,,,,,,,,,,,
,,,,,,,,,,,,,,-8,,,,,,,,,,,,,,,,,,,,,,,,,,,,,,,,,,,,,,,,,,,,,,,,,
,,,,,,,,,,,,,,-8,,,,,,,,,,,,,,,,,,,,,,,,,,,,,,,,,,,,,,,,,,,,,,,,,
,,,,,,,,,,,,,,-8,,,,,,,,,,,,,,,,,,,,,,,,,,,,,,,,,,,,,,,,,,,,,,,,,
,,,,,,,,,,,,,,-8,,,,,,,,,,,,,,,,,,,,,,,,,,,,,,,,,,,,,,,,,,,,,,,,,
,,,,,,,,,,,,,,-8,,,,,,,,,,,,,,,,,,,,,,,,,,,,,,,,,,,,,,,,,,,,,,,,,
,,,,,,,,,,,,,,-8,,,,,,,,,,,,,,,,,,,,,,,,,,,,,,,,,,,,,,,,,,,,,,,,,
,,,,,,,,,,,,,,-8,,,,,,,,,,,,,,,,,,,,,,,,,,,,,,,,,,,,,,,,,,,,,,,,,
,,,,,,,,,,,,,,-8,,,,,,,,,,,,,,,,,,,,,,,,,,,,,,,,,,,,,,,,,,,,,,,,,
,,,,,,,,,,,,,,-8,,,,,,,,,,,,,,,,,,,,,,,,,,,,,,,,,,,,,,,,,,,,,,,,,
,,,,,,,,,,,,,,-8,,,,,,,,,,,,,,,,,,,,,,,,,,,,,,,,,,,,,,,,,,,,,,,,,
,,,,,,,,,,,,,,-8,,,,,,,,,,,,,,,,,,,,,,,,,,,,,,,,,,,,,,,,,,,,,,,,,
,,,,,,,,,,,,,,-8,,,,,,,,,,,,,,,,,,,,,,,,,,,,,,,,,,,,,,,,,,,,,,,,,
,,,,,,,,,,,,,,-8,,,,,,,,,,,,,,,,,,,,,,,,,,,,,,,,,,,,,,,,,,,,,,,,,
,,,,,,,,,,,,,,-8,,,,,,,,,,,,,,,,,,,,,,,,,,,,,,,,,,,,,,,,,,,,,,,,,
,,,,,,,,,,,,,,-8,,,,,,,,,,,,,,,,,,,,,,,,,,,,,,,,,,,,,,,,,,,,,,,,,
,,,,,,,,,,,,,,-8,,,,,,,,,,,,,,,,,,,,,,,,,,,,,,,,,,,,,,,,,,,,,,,,,
,,,,,,,,,,,,,,-8,,,,,,,,,,,,,,,,,,,,,,,,,,,,,,,,,,,,,,,,,,,,,,,,,
,,,,,,,,,,,,,,-8,,,,,,,,,,,,,,,,,,,,,,,,,,,,,,,,,,,,,,,,,,,,,,,,,
,,,,,,,,,,,,,,-8,,,,,,,,,,,,,,,,,,,,,,,,,,,,,,,,,,,,,,,,,,,,,,,,,
,,,,,,,,,,,,,,-8,,,,,,,,,,,,,,,,,,,,,,,,,,,,,,,,,,,,,,,,,,,,,,,,,
,,,,,,,,,,,,,,-8,,,,,,,,,,,,,,,,,,,,,,,,,,,,,,,,,,,,,,,,,,,,,,,,,
,,,,,,,,,,,,,,-8,,,,,,,,,,,,,,,,,,,,,,,,,,,,,,,,,,,,,,,,,,,,,,,,,
,,,,,,,,,,,,,,-8,,,,,,,,,,,,,,,,,,,,,,,,,,,,,,,,,,,,,,,,,,,,,,,,,
,,,,,,,,,,,,,,-8,,,,,,,,,,,,,,,,,,,,,,,,,,,,,,,,,,,,,,,,,,,,,,,,,
,,,,,,,,,,,,,,-8,,,,,,,,,,,,,,,,,,,,,,,,,,,,,,,,,,,,,,,,,,,,,,,,,
,,,,,,,,,,,,,,-8,,,,,,,,,,,,,,,,,,,,,,,,,,,,,,,,,,,,,,,,,,,,,,,,,
,,,,,,,,,,,,,,-8,,,,,,,,,,,,,,,,,,,,,,,,,,,,,,,,,,,,,,,,,,,,,,,,,
,,,,,,,,,,,,,,-8,,,,,,,,,,,,,,,,,,,,,,,,,,,,,,,,,,,,,,,,,,,,,,,,,
,,,,,,,,,,,,,,-8,,,,,,,,,,,,,,,,,,,,,,,,,,,,,,,,,,,,,,,,,,,,,,,,,
,,,,,,,,,,,,,,-8,,,,,,,,,,,,,,,,,,,,,,,,,,,,,,,,,,,,,,,,,,,,,,,,,
,,,,,,,,,,,,,,-8,,,,,,,,,,,,,,,,,,,,,,,,,,,,,,,,,,,,,,,,,,,,,,,,,
,,,,,,,,,,,,,,-8,,,,,,,,,,,,,,,,,,,,,,,,,,,,,,,,,,,,,,,,,,,,,,,,,
,,,,,,,,,,,,,,-8,,,,,,,,,,,,,,,,,,,,,,,,,,,,,,,,,,,,,,,,,,,,,,,,,
,,,,,,,,,,,,,,-8,,,,,,,,,,,,,,,,,,,,,,,,,,,,,,,,,,,,,,,,,,,,,,,,,
,,,,,,,,,,,,,,-8,,,,,,,,,,,,,,,,,,,,,,,,,,,,,,,,,,,,,,,,,,,,,,,,,
,,,,,,,,,,,,,,-8,,,,,,,,,,,,,,,,,,,,,,,,,,,,,,,,,,,,,,,,,,,,,,,,,
,,,,,,,,,,,,,,-8,,,,,,,,,,,,,,,,,,,,,,,,,,,,,,,,,,,,,,,,,,,,,,,,,
,,,,,,,,,,,,,,-8,,,,,,,,,,,,,,,,,,,,,,,,,,,,,,,,,,,,,,,,,,,,,,,,,
,,,,,,,,,,,,,,-8,,,,,,,,,,,,,,,,,,,,,,,,,,,,,,,,,,,,,,,,,,,,,,,,,
,,,,,,,,,,,,,,-8,,,,,,,,,,,,,,,,,,,,,,,,,,,,,,,,,,,,,,,,,,,,,,,,,
,,,,,,,,,,,,,,-8,,,,,,,,,,,,,,,,,,,,,,,,,,,,,,,,,,,,,,,,,,,,,,,,,
,,,,,,,,,,,,,,-8,,,,,,,,,,,,,,,,,,,,,,,,,,,,,,,,,,,,,,,,,,,,,,,,,
,,,,,,,,,,,,,,-8,,,,,,,,,,,,,,,,,,,,,,,,,,,,,,,,,,,,,,,,,,,,,,,,,
,,,,,,,,,,,,,,-8,,,,,,,,,,,,,,,,,,,,,,,,,,,,,,,,,,,,,,,,,,,,,,,,,
,,,,,,,,,,,,,,-8,,,,,,,,,,,,,,,,,,,,,,,,,,,,,,,,,,,,,,,,,,,,,,,,,
,,,,,,,,,,,,,,-8,,,,,,,,,,,,,,,,,,,,,,,,,,,,,,,,,,,,,,,,,,,,,,,,,
,,,,,,,,,,,,,,-8,,,,,,,,,,,,,,,,,,,,,,,,,,,,,,,,,,,,,,,,,,,,,,,,,
,,,,,,,,,,,,,,-8,,,,,,,,,,,,,,,,,,,,,,,,,,,,,,,,,,,,,,,,,,,,,,,,,
,,,,,,,,,,,,,,-8,,,,,,,,,,,,,,,,,,,,,,,,,,,,,,,,,,,,,,,,,,,,,,,,,
,,,,,,,,,,,,,,-8,,,,,,,,,,,,,,,,,,,,,,,,,,,,,,,,,,,,,,,,,,,,,,,,,
,,,,,,,,,,,,,,-8,,,,,,,,,,,,,,,,,,,,,,,,,,,,,,,,,,,,,,,,,,,,,,,,,
,,,,,,,,,,,,,,-8,,,,,,,,,,,,,,,,,,,,,,,,,,,,,,,,,,,,,,,,,,,,,,,,,
,,,,,,,,,,,,,,-8,,,,,,,,,,,,,,,,,,,,,,,,,,,,,,,,,,,,,,,,,,,,,,,,,
,,,,,,,,,,,,,,-8,,,,,,,,,,,,,,,,,,,,,,,,,,,,,,,,,,,,,,,,,,,,,,,,,
,,,,,,,,,,,,,,-8,,,,,,,,,,,,,,,,,,,,,,,,,,,,,,,,,,,,,,,,,,,,,,,,,
,,,,,,,,,,,,,,-8,,,,,,,,,,,,,,,,,,,,,,,,,,,,,,,,,,,,,,,,,,,,,,,,,
,,,,,,,,,,,,,,-8,,,,,,,,,,,,,,,,,,,,,,,,,,,,,,,,,,,,,,,,,,,,,,,,,
,,,,,,,,,,,,,,-8,,,,,,,,,,,,,,,,,,,,,,,,,,,,,,,,,,,,,,,,,,,,,,,,,
,,,,,,,,,,,,,,-8,,,,,,,,,,,,,,,,,,,,,,,,,,,,,,,,,,,,,,,,,,,,,,,,,
,,,,,,,,,,,,,,-8,,,,,,,,,,,,,,,,,,,,,,,,,,,,,,,,,,,,,,,,,,,,,,,,,
,,,,,,,,,,,,,,-8,,,,,,,,,,,,,,,,,,,,,,,,,,,,,,,,,,,,,,,,,,,,,,,,,
,,,,,,,,,,,,,,-8,,,,,,,,,,,,,,,,,,,,,,,,,,,,,,,,,,,,,,,,,,,,,,,,,
,,,,,,,,,,,,,,-8,,,,,,,,,,,,,,,,,,,,,,,,,,,,,,,,,,,,,,,,,,,,,,,,,
,,,,,,,,,,,,,,-8,,,,,,,,,,,,,,,,,,,,,,,,,,,,,,,,,,,,,,,,,,,,,,,,,
,,,,,,,,,,,,,,-8,,,,,,,,,,,,,,,,,,,,,,,,,,,,,,,,,,,,,,,,,,,,,,,,,
,,,,,,,,,,,,,,-8,,,,,,,,,,,,,,,,,,,,,,,,,,,,,,,,,,,,,,,,,,,,,,,,,
,,,,,,,,,,,,,,-8,,,,,,,,,,,,,,,,,,,,,,,,,,,,,,,,,,,,,,,,,,,,,,,,,
,,,,,,,,,,,,,,-8,,,,,,,,,,,,,,,,,,,,,,,,,,,,,,,,,,,,,,,,,,,,,,,,,
,,,,,,,,,,,,,,-8,,,,,,,,,,,,,,,,,,,,,,,,,,,,,,,,,,,,,,,,,,,,,,,,,
,,,,,,,,,,,,,,-8,,,,,,,,,,,,,,,,,,,,,,,,,,,,,,,,,,,,,,,,,,,,,,,,,
,,,,,,,,,,,,,,-8,,,,,,,,,,,,,,,,,,,,,,,,,,,,,,,,,,,,,,,,,,,,,,,,,
,,,,,,,,,,,,,,-8,,,,,,,,,,,,,,,,,,,,,,,,,,,,,,,,,,,,,,,,,,,,,,,,,
,,,,,,,,,,,,,,-8,,,,,,,,,,,,,,,,,,,,,,,,,,,,,,,,,,,,,,,,,,,,,,,,,
,,,,,,,,,,,,,,-8,,,,,,,,,,,,,,,,,,,,,,,,,,,,,,,,,,,,,,,,,,,,,,,,,
,,,,,,,,,,,,,,-8,,,,,,,,,,,,,,,,,,,,,,,,,,,,,,,,,,,,,,,,,,,,,,,,,
,,,,,,,,,,,,,,-8,,,,,,,,,,,,,,,,,,,,,,,,,,,,,,,,,,,,,,,,,,,,,,,,,
,,,,,,,,,,,,,,-8,,,,,,,,,,,,,,,,,,,,,,,,,,,,,,,,,,,,,,,,,,,,,,,,,
,,,,,,,,,,,,,,-8,,,,,,,,,,,,,,,,,,,,,,,,,,,,,,,,,,,,,,,,,,,,,,,,,
,,,,,,,,,,,,,,-8,,,,,,,,,,,,,,,,,,,,,,,,,,,,,,,,,,,,,,,,,,,,,,,,,
,,,,,,,,,,,,,,-8,,,,,,,,,,,,,,,,,,,,,,,,,,,,,,,,,,,,,,,,,,,,,,,,,
,,,,,,,,,,,,,,-8,,,,,,,,,,,,,,,,,,,,,,,,,,,,,,,,,,,,,,,,,,,,,,,,,
,,,,,,,,,,,,,,-8,,,,,,,,,,,,,,,,,,,,,,,,,,,,,,,,,,,,,,,,,,,,,,,,,
,,,,,,,,,,,,,,-8,,,,,,,,,,,,,,,,,,,,,,,,,,,,,,,,,,,,,,,,,,,,,,,,,
,,,,,,,,,,,,,,-8,,,,,,,,,,,,,,,,,,,,,,,,,,,,,,,,,,,,,,,,,,,,,,,,,
,,,,,,,,,,,,,,-8,,,,,,,,,,,,,,,,,,,,,,,,,,,,,,,,,,,,,,,,,,,,,,,,,
,,,,,,,,,,,,,,-8,,,,,,,,,,,,,,,,,,,,,,,,,,,,,,,,,,,,,,,,,,,,,,,,,
,,,,,,,,,,,,,,-8,,,,,,,,,,,,,,,,,,,,,,,,,,,,,,,,,,,,,,,,,,,,,,,,,
,,,,,,,,,,,,,,-8,,,,,,,,,,,,,,,,,,,,,,,,,,,,,,,,,,,,,,,,,,,,,,,,,
,,,,,,,,,,,,,,-8,,,,,,,,,,,,,,,,,,,,,,,,,,,,,,,,,,,,,,,,,,,,,,,,,
,,,,,,,,,,,,,,-8,,,,,,,,,,,,,,,,,,,,,,,,,,,,,,,,,,,,,,,,,,,,,,,,,
,,,,,,,,,,,,,,-8,,,,,,,,,,,,,,,,,,,,,,,,,,,,,,,,,,,,,,,,,,,,,,,,,
,,,,,,,,,,,,,,-8,,,,,,,,,,,,,,,,,,,,,,,,,,,,,,,,,,,,,,,,,,,,,,,,,
,,,,,,,,,,,,,,-8,,,,,,,,,,,,,,,,,,,,,,,,,,,,,,,,,,,,,,,,,,,,,,,,,
,,,,,,,,,,,,,,-8,,,,,,,,,,,,,,,,,,,,,,,,,,,,,,,,,,,,,,,,,,,,,,,,,
,,,,,,,,,,,,,,-8,,,,,,,,,,,,,,,,,,,,,,,,,,,,,,,,,,,,,,,,,,,,,,,,,
,,,,,,,,,,,,,,-8,,,,,,,,,,,,,,,,,,,,,,,,,,,,,,,,,,,,,,,,,,,,,,,,,
,,,,,,,,,,,,,,-8,,,,,,,,,,,,,,,,,,,,,,,,,,,,,,,,,,,,,,,,,,,,,,,,,
,,,,,,,,,,,,,,-8,,,,,,,,,,,,,,,,,,,,,,,,,,,,,,,,,,,,,,,,,,,,,,,,,
,,,,,,,,,,,,,,-8,,,,,,,,,,,,,,,,,,,,,,,,,,,,,,,,,,,,,,,,,,,,,,,,,
,,,,,,,,,,,,,,-8,,,,,,,,,,,,,,,,,,,,,,,,,,,,,,,,,,,,,,,,,,,,,,,,,
,,,,,,,,,,,,,,-8,,,,,,,,,,,,,,,,,,,,,,,,,,,,,,,,,,,,,,,,,,,,,,,,,
,,,,,,,,,,,,,,-8,,,,,,,,,,,,,,,,,,,,,,,,,,,,,,,,,,,,,,,,,,,,,,,,,
,,,,,,,,,,,,,,-8,,,,,,,,,,,,,,,,,,,,,,,,,,,,,,,,,,,,,,,,,,,,,,,,,
